Color Name, Hex Code,R,G,B,H,S,V,Name Code
cloudy blue,#acc2d9,172,194,217,210.66666666666669,20.737327188940085,85.09803921568627,3817131579880101
dark pastel green,#56ae57,86,174,87,120.68181818181816,50.57471264367816,68.23529411764706,4895173853786478290212014
dust,#b2996e,178,153,110,37.94117647058823,38.20224719101123,69.80392156862744,153204
electric lime,#a8ff04,168,255,4,80.79681274900399,98.4313725490196,100.0,6202710758416328101
fresh green,#69d84f,105,216,79,108.6131386861314,63.42592592592592,84.70588235294117,7394878136325294
light eggplant,#894585,137,69,133,303.52941176470586,49.63503649635037,53.72549019607843,453360096941235897812
nasty green,#70b23f,112,178,63,94.43478260869566,64.6067415730337,69.80392156862744,15819388841694382
really light blue,#d4ffff,212,255,255,180.0,16.862745098039213,100.0,21951197495843933235786405
tea,#65ab7c,101,171,124,139.71428571428572,40.93567251461988,67.05882352941175,20641
warm purple,#952e8f,149,46,143,303.49514563106794,69.12751677852349,58.43137254901961,25951152887120261
yellowish tan,#fcfc81,252,252,129,60.0,48.80952380952381,98.82352941176472,29017131904872173614
cement,#a5a391,165,163,145,53.99999999999994,12.121212121212128,64.70588235294117,106337748
dark grass green,#388004,56,128,4,94.83870967741936,96.875,50.19607843137255,152974173376052654052526
dusty teal,#4c9085,76,144,133,170.29411764705884,47.22222222222222,56.47058823529412,164502413382700
grey teal,#5e9b8a,94,155,138,163.27868852459017,39.35483870967741,60.78431372549019,8321296372780
macaroni and cheese,#efb435,239,180,53,40.96774193548387,77.82426778242677,93.72549019607844,16135592513878801658822170213
pinkish tan,#d99b82,217,155,130,17.241379310344822,40.09216589861752,85.09803921568627,18346839288795182
spruce,#0a5f38,10,95,56,152.47058823529412,89.47368421052633,37.25490196078432,654922853
strong blue,#0c06f7,12,6,247,241.49377593360995,97.57085020242914,96.8627450980392,22116107575964325
toxic green,#61de2a,97,222,42,101.66666666666669,81.08108108108108,87.05882352941177,23072465470690478
windows blue,#3778bf,55,120,191,211.3235294117647,71.20418848167539,74.90196078431373,839292950614717093
blue blue,#2242c7,34,66,199,228.3636363636364,82.91457286432161,78.03921568627452,2634088002213
blue with hint of purple,#533cc6,83,60,198,250.00000000000003,69.6969696969697,77.64705882352942,99513057036261961472726029590675845
booger,#9bb53c,155,181,60,72.89256198347108,66.85082872928177,70.98039215686275,83336370
bright sea green,#05ffa6,5,255,166,158.64,98.0392156862745,100.0,97148936567656805897390
dark green blue,#1f6357,31,99,87,169.41176470588235,68.68686868686868,38.82352941176471,4780442918123884065445
deep turquoise,#017374,1,115,116,180.5217391304348,99.13793103448276,45.490196078431374,153537796759184975461
green teal,#0cb577,12,181,119,157.98816568047337,93.37016574585635,70.98039215686275,266259483202604
strong pink,#ff0789,255,7,137,328.5483870967742,97.25490196078432,100.0,22116107576419787
bland,#afa88b,175,168,139,48.333333333333336,20.57142857142858,68.62745098039215,2491844
deep aqua,#08787f,8,120,127,183.52941176470583,93.7007874015748,49.80392156862745,4575782291105
lavender pink,#dd85d7,221,133,215,304.0909090909091,39.81900452488688,86.66666666666667,13896048108718532043
light moss green,#a6c875,166,200,117,84.57831325301203,41.5,78.43137254901961,464240739558512777565358
light seafoam green,#a7ffb5,167,255,181,129.54545454545456,34.509803921568626,100.0,15212240560389847454192309422
olive yellow,#c2b709,194,183,9,56.43243243243244,95.36082474226804,76.07843137254902,554283807626637815
pig pink,#e78ea5,231,142,165,344.4943820224719,38.52813852813853,90.58823529411764,559686362571
deep lilac,#966ebd,150,110,189,270.37974683544303,41.7989417989418,74.11764705882354,146425044578339
desert,#ccad60,204,173,96,42.77777777777778,52.94117647058824,80.0,140088916
dusty lavender,#ac86a8,172,134,168,306.3157894736842,22.09302325581396,67.45098039215686,172493282336702927026
purpley grey,#947e94,148,126,148,300.0,14.864864864864868,58.03921568627452,600755979786897593
purply,#983fb2,152,63,178,286.4347826086957,64.6067415730337,69.80392156862744,559497625
candy pink,#ff63e9,255,99,233,308.4615384615385,61.1764705882353,100.0,107138830050763
light pastel green,#b2fba5,178,251,165,110.93023255813956,34.262948207171306,98.4313725490196,475382517400241122880066734
boring green,#63b365,99,179,101,121.5,44.6927374301676,70.19607843137254,89589796509914286
kiwi green,#8ee53f,142,229,63,91.44578313253012,72.48908296943232,89.80392156862746,397724649854126
light grey green,#b7e1a1,183,225,161,99.375,28.444444444444443,88.23529411764706,464240739350230486029486
orange pink,#ff6f52,255,111,82,10.05780346820809,67.84313725490196,100.0,17523405564159435
tea green,#bdf8a3,189,248,163,101.6470588235294,34.2741935483871,97.25490196078432,22164119557294
very light brown,#d3b683,211,182,131,38.250000000000014,37.91469194312796,82.74509803921568,837733459612276072464110
egg shell,#fffcc4,255,252,196,56.949152542372886,23.13725490196078,100.0,5746619323788
eggplant purple,#430541,67,5,65,301.93548387096774,92.53731343283582,26.27450980392157,6169872993999925100933
powder pink,#ffb2d0,255,178,208,336.62337662337666,30.196078431372552,100.0,18567596301886923
reddish grey,#997570,153,117,112,7.317073170731703,26.79738562091504,60.0,654293311349311673
baby shit brown,#ad900d,173,144,13,49.125,92.48554913294798,67.84313725490196,2401317747145019309806
liliac,#c48efd,196,142,253,269.1891891891892,43.87351778656127,99.2156862745098,412492835
stormy blue,#507b9c,80,123,156,206.05263157894737,48.71794871794872,61.1764705882353,22112911650534053
ugly brown,#7d7103,125,113,3,54.09836065573771,97.6,49.01960784313725,747008565001966
custard,#fffd78,255,253,120,59.11111111111112,52.94117647058824,100.0,3946448452
darkish pink,#da467d,218,70,125,337.7027027027027,67.88990825688073,85.49019607843137,145886831247369675
deep brown,#410200,65,2,0,1.8461538461538465,100.0,25.49019607843137,146425034391278
greenish beige,#c9d179,201,209,121,65.45454545454545,42.10526315789474,81.96078431372548,279193280738733761765
manilla,#fffa86,255,250,134,57.52066115702479,47.45098039215686,100.0,14007185793
off blue,#5684ae,86,132,174,208.63636363636363,50.57471264367816,68.23529411764706,522071388837
battleship grey,#6b7c85,107,124,133,200.7692307692308,19.54887218045113,52.156862745098046,2421869443511331571897
browny green,#6f6c0a,111,108,10,58.21782178217821,90.990990990991,43.52941176470589,92877355604317358
bruise,#7e4071,126,64,113,312.5806451612904,49.20634920634921,49.41176470588236,86681189
kelley green,#009337,0,147,55,142.44897959183675,100.0,57.647058823529406,402381873004221614
sickly yellow,#d0e429,208,228,41,66.41711229946524,82.01754385964912,89.41176470588236,22233546574704030199
sunny yellow,#fff917,255,249,23,58.44827586206897,90.98039215686276,100.0,708699907826266615
azul,#1d5dec,29,93,236,221.44927536231884,87.71186440677965,92.54901960784314,60076
darkgreen,#054907,5,73,7,121.76470588235291,93.15068493150686,28.627450980392155,4452110636206
green/yellow,#b5ce08,181,206,8,67.57575757575758,96.11650485436894,80.7843137254902,272649712041341431
lichen,#8fb67b,143,182,123,99.66101694915254,32.417582417582416,71.37254901960785,412197038
light light green,#c8ffb0,200,255,176,101.77215189873418,30.980392156862745,100.0,14855703664521820669285550
pale gold,#fdde6c,253,222,108,47.17241379310345,57.31225296442687,99.2156862745098,17639630159236
sun yellow,#ffdf22,255,223,34,51.31221719457013,86.66666666666667,100.0,692106906972663
tan green,#a9be70,169,190,112,76.15384615384616,41.05263157894737,74.50980392156863,22040639247534
burple,#6832e3,104,50,227,258.3050847457627,77.97356828193833,89.01960784313725,89735557
butterscotch,#fdb147,253,177,71,34.94505494505494,71.93675889328063,99.2156862745098,96427361523191912
toupe,#c7ac7d,199,172,125,38.10810810810812,37.18592964824121,78.03921568627452,21485061
dark cream,#fff39a,255,243,154,52.87128712871287,39.6078431372549,100.0,142468296807469
indian red,#850e04,133,14,4,4.651162790697675,96.99248120300751,52.156862745098046,332199663454372
light lavendar,#efc0fe,239,192,254,285.48387096774195,24.40944881889764,99.6078431372549,453360097175803465778
poison green,#40fd14,64,253,20,108.6695278969957,92.09486166007903,99.2156862745098,593687332418819246
baby puke green,#b6c406,182,196,6,64.42105263157895,96.93877551020408,76.86274509803923,2401317655938172785838
bright yellow green,#9dff00,157,255,0,83.05882352941177,100.0,100.0,3183376353665518515730846894
charcoal grey,#3c4142,60,65,66,190.00000000000009,9.0909090909091,25.882352941176475,3748757924015753401
squash,#f2ab15,242,171,21,40.723981900452486,91.32231404958677,94.90196078431372,656049768
cinnamon,#ac4f06,172,79,6,26.385542168674696,96.51162790697674,67.45098039215686,113227380206
light pea green,#c4fe82,196,254,130,88.06451612903226,48.81889763779528,99.6078431372549,14507523114139479774382
radioactive green,#2cfa1f,44,250,31,116.43835616438356,87.6,98.0392156862745,21803515426745889909707950
raw sienna,#9a6200,154,98,0,38.18181818181819,100.0,60.3921568627451,635241342613953
baby purple,#ca9bf7,202,155,247,270.6521739130435,37.246963562753045,96.8627450980392,2290074974241157
cocoa,#875f42,135,95,66,25.217391304347824,51.11111111111111,52.94117647058824,3640801
light royal blue,#3a2efe,58,46,254,243.46153846153845,81.88976377952756,99.6078431372549,464240739734620888707749
orangeish,#fd8d49,253,141,73,22.666666666666668,71.14624505928853,99.2156862745098,17112700724840
rust brown,#8b3103,139,49,3,20.29411764705883,97.84172661870504,54.50980392156863,657083760983790
sand brown,#cba560,203,165,96,38.69158878504674,52.70935960591133,79.6078431372549,670088921956078
swamp,#698339,105,131,57,81.08108108108108,56.48854961832061,51.37254901960784,20678064
tealish green,#0cdc73,12,220,115,149.71153846153845,94.54545454545456,86.27450980392157,23240132747647849646
burnt siena,#b75203,183,82,3,26.33333333333333,98.36065573770492,71.76470588235294,3010966374880705
camo,#7f8f4e,127,143,78,74.76923076923077,45.45454545454545,56.07843137254902,99759
dusk blue,#26538d,38,83,141,213.7864077669903,73.04964539007092,55.294117647058826,5140402746021
fern,#63a950,99,169,80,107.19101123595505,52.66272189349112,66.27450980392156,202318
old rose,#c87f89,200,127,137,351.7808219178082,36.5,78.43137254901961,528447258213
pale light green,#b1fc99,177,252,153,105.45454545454544,39.28571428571429,98.82352941176472,606093082592686810666158
peachy pink,#ff9a8a,255,154,138,8.205128205128204,45.88235294117647,100.0,18191532421555659
rosy pink,#f6688e,246,104,142,343.943661971831,57.72357723577236,96.47058823529412,20327877322187
light bluish green,#76fda8,118,253,168,142.22222222222223,53.359683794466406,99.2156862745098,475382516908281614447482030
light bright green,#53fe5c,83,254,92,123.15789473684212,67.32283464566929,99.6078431372549,475382516914612237327996078
light neon green,#4efd54,78,253,84,122.05714285714284,69.1699604743083,99.2156862745098,464240739582559225713838
light seafoam,#a0febf,160,254,191,139.7872340425532,37.00787401574803,99.6078431372549,14167503044372282413
tiffany blue,#7bf2da,123,242,218,167.89915966386553,49.17355371900826,94.90196078431372,730926793105683109
washed out green,#bcf5a6,188,245,166,103.29113924050633,32.244897959183675,96.07843137254902,870806409835922551542958
browny orange,#ca6b02,202,107,2,31.5,99.009900990099,79.2156862745098,2972075379606468837
nice blue,#107ab0,16,122,176,200.25,90.9090909090909,69.01960784313725,15705820967589
sapphire,#2138ab,33,56,171,230.0,80.7017543859649,67.05882352941175,654462690885
greyish teal,#719f91,113,159,145,161.7391304347826,28.9308176100629,62.35294117647059,272671517046346796
orangey yellow,#fdb915,253,185,21,42.41379310344827,91.699604743083,99.2156862745098,574206953370137539063
parchment,#fefcaf,254,252,175,58.481012658227854,31.10236220472441,99.6078431372549,17645982619092
straw,#fcf679,252,246,121,57.25190839694656,51.98412698412699,98.82352941176472,20596791
very dark brown,#1d0200,29,2,0,4.137931034482759,100.0,11.372549019607844,26179170322994042584814
terracota,#cb6843,203,104,67,16.323529411764707,66.9950738916256,79.6078431372549,22181963742849
ugly blue,#31668a,49,102,138,204.2696629213484,64.4927536231884,54.11764705882353,23344017650341
clear blue,#247afd,36,122,253,216.22119815668205,85.7707509881423,99.2156862745098,118920763749029
creme,#ffffb6,255,255,182,60.0,28.627450980392155,100.0,3741093
foam green,#90fda9,144,253,169,133.76146788990826,43.08300395256917,99.2156862745098,227648239899822
grey/green,#86a17d,134,161,125,105.0,22.36024844720497,63.13725490196078,266281504281774
light gold,#fddc5c,253,220,92,47.70186335403727,63.63636363636363,99.2156862745098,432357880610180
seafoam blue,#78d1b6,120,209,182,161.79775280898878,42.58373205741627,81.96078431372548,690218941273944741
topaz,#13bbaf,19,187,175,175.71428571428572,89.83957219251337,73.33333333333333,21479482
violet pink,#fb5ffc,251,95,252,299.61783439490443,62.3015873015873,98.82352941176472,25103368362403275
wintergreen,#20f986,32,249,134,148.20276497695852,87.14859437751004,97.6470588235294,26228443544360110
yellow tan,#ffe36e,255,227,110,48.41379310344827,56.86274509803921,100.0,885532590559278
dark fuchsia,#9d0759,157,7,89,327.2,95.54140127388536,61.5686274509804,145887539250875681
indigo blue,#3a18b1,58,24,177,253.3333333333333,86.4406779661017,69.41176470588235,10630395706028709
light yellowish green,#c2ff89,194,255,137,91.01694915254237,46.27450980392157,100.0,15577334340935652596011842999470
pale magenta,#d767ad,215,103,173,322.5,52.093023255813954,84.31372549019608,578015407025339009
rich purple,#720058,114,0,88,313.6842105263158,100.0,44.70588235294118,20586463856509317
sunflower yellow,#ffda03,255,218,3,51.19047619047619,98.82352941176472,100.0,743116005843795696824823
green/blue,#01c08d,1,192,141,163.97905759162305,99.47916666666666,75.29411764705883,266259483669157
leather,#ac7434,172,116,52,32.0,69.76744186046511,67.45098039215686,13054386354
racing green,#014600,1,70,0,119.14285714285714,100.0,27.450980392156865,649760184536208558
vivid purple,#9900fa,153,0,250,276.72,100.0,98.0392156862745,803550755580100997
dark royal blue,#02066f,2,6,111,237.7981651376147,98.1981981981982,43.52941176470589,4780443302536274850469
hazel,#8e7618,142,118,24,47.79661016949152,83.09859154929578,55.68627450980392,8448172
muted pink,#d1768f,209,118,143,343.5164835164835,43.54066985645933,81.96078431372548,481179311023563
booger green,#96b403,150,180,3,70.16949152542372,98.33333333333334,70.58823529411765,89481746943906990
canary,#fdff63,253,255,99,60.76923076923077,61.1764705882353,100.0,102172249
cool grey,#95a3a6,149,163,166,190.5882352941177,10.240963855421684,65.09803921568627,3830471444665
dark taupe,#7f684e,127,104,78,31.836734693877546,38.582677165354326,49.80392156862745,142468314093061
darkish purple,#751973,117,25,115,301.30434782608694,78.63247863247864,45.88235294117647,149388115197319266693
true green,#089404,8,148,4,118.33333333333334,97.29729729729728,58.03921568627452,724206588859566
coral pink,#ff6163,255,97,99,359.24050632911394,61.96078431372549,100.0,122665774360011
dark sage,#598556,89,133,86,116.17021276595746,35.338345864661655,52.156862745098046,4452134782181
dark slate blue,#214761,33,71,97,204.375,65.97938144329896,38.03921568627451,4780443333617644548773
flat blue,#3c73a8,60,115,168,209.44444444444443,64.28571428571429,65.88235294117646,7011162993317
mushroom,#ba9e88,186,158,136,26.400000000000013,26.881720430107524,72.94117647058823,469871705581
rich blue,#021bf9,2,27,249,233.92712550607283,99.19678714859438,97.6470588235294,20103968141989
dirty purple,#734a65,115,74,101,320.4878048780488,35.65217391304347,45.09803921568628,154904487932805509
greenblue,#23c48b,35,196,139,158.75776397515529,82.14285714285714,76.86274509803923,8320607924901
icky green,#8fae22,143,174,34,73.28571428571429,80.45977011494253,68.23529411764706,320363698918574
light khaki,#e6f2a2,230,242,162,69.0,33.057851239669425,94.90196078431372,13835452183479657
warm blue,#4b57db,75,87,219,235.0,65.75342465753425,85.88235294117646,25342922273445
dark hot pink,#d90166,217,1,102,331.94444444444446,99.53917050691244,85.09803921568627,4668401318898443723
deep sea blue,#015482,1,84,130,201.3953488372093,99.23076923076924,50.98039215686274,4798056096627503781
carmine,#9d0216,157,2,22,352.258064516129,98.72611464968152,61.5686274509804,3274089925
dark yellow green,#728f02,114,143,2,72.3404255319149,98.6013986013986,56.07843137254902,4895174182294519799157934
pale peach,#ffe5ad,255,229,173,40.97560975609756,32.15686274509804,100.0,564468174193768
plum purple,#4e0550,78,5,80,298.40000000000003,93.75,31.37254901960784,18460180167082373
golden rod,#f9bc08,249,188,8,44.81327800829876,96.78714859437753,97.6470588235294,263200074320356
neon red,#ff073a,255,7,58,347.6612903225806,97.25490196078432,100.0,486924044452
old pink,#c77986,199,121,134,350.0,39.19597989949749,78.03921568627452,528447186379
very pale blue,#d6fffe,214,255,254,178.53658536585365,16.07843137254902,100.0,818099085781059580581
blood orange,#fe4b03,254,75,3,17.211155378486055,98.81889763779527,99.6078431372549,86112821349234917
grapefruit,#fd5956,253,89,86,1.0778443113772418,66.00790513833992,99.2156862745098,266133528204596
sand yellow,#fce166,252,225,102,49.19999999999999,59.523809523809526,98.82352941176472,21442846260605431
clay brown,#b2713d,178,113,61,26.666666666666668,65.73033707865167,69.80392156862744,118809468419822
dark blue grey,#1f3b4d,31,59,77,203.4782608695652,59.74025974025974,30.19607843137255,149388835504850716857
flat green,#699d4c,105,157,76,98.51851851851852,51.59235668789809,61.5686274509804,224357221209262
light green blue,#56fca2,86,252,162,147.46987951807228,65.87301587301587,98.82352941176472,464240739350208497922725
warm pink,#fb5581,251,85,129,344.0963855421687,66.13545816733067,98.4313725490196,25342922728907
dodger blue,#3e82fc,62,130,252,218.5263157894737,75.39682539682539,98.82352941176472,5036009777607333
gross green,#a0bf16,160,191,22,71.00591715976331,88.48167539267016,74.90196078431373,8531784970605742
ice,#d6fffa,214,255,250,172.6829268292683,16.07843137254902,100.0,9317
metallic blue,#4f738e,79,115,142,205.7142857142857,44.36619718309859,55.68627450980392,15190690343745041061
pale salmon,#ffb19a,255,177,154,13.663366336633665,39.6078431372549,100.0,18062981671040494
sap green,#5c8b15,92,139,21,83.89830508474576,84.89208633093526,54.50980392156863,20943275103406
algae,#54ac68,84,172,104,133.63636363636363,51.16279069767442,67.45098039215686,1448997
bluey grey,#89a0b0,137,160,176,204.6153846153846,22.15909090909091,69.01960784313725,84290677491897
greeny grey,#7ea07a,126,160,122,113.68421052631578,23.75,62.74509803921568,8520303305279673
highlighter green,#1bfc06,27,252,6,114.8780487804878,97.61904761904762,98.82352941176472,10019990400436034235602094
light light blue,#cafffb,202,255,251,175.47169811320754,20.7843137254902,100.0,464240739516306895745701
light mint,#b6ffbb,182,255,187,124.10958904109587,28.627450980392155,100.0,432357880800724
raw umber,#a75e09,167,94,9,32.27848101265823,94.61077844311376,65.49019607843137,19851294181554
vivid blue,#152eff,21,46,255,233.5897435897436,91.76470588235294,100.0,784717534278309
deep lavender,#8d5eb7,141,94,183,271.685393258427,48.63387978142077,71.76470588235294,4798055852493181106
dull teal,#5f9e8f,95,158,143,165.71428571428572,39.87341772151899,61.96078431372549,5132920689708
light greenish blue,#63f7b4,99,247,180,152.83783783783784,59.91902834008096,96.8627450980392,15212240547027631356506092197
mud green,#606602,96,102,2,63.6,98.03921568627452,40.0,15020515202222
pinky,#fc86aa,252,134,170,341.6949152542373,46.82539682539682,98.82352941176472,17086841
red wine,#8c0034,140,0,52,337.7142857142857,100.0,54.90196078431373,624010438085
shit green,#758000,117,128,0,65.15625,100.0,50.19607843137255,677630889759918
tan brown,#ab7e4c,171,126,76,31.57894736842106,55.55555555555556,67.05882352941175,22040634015470
darkblue,#030764,3,7,100,237.5257731958763,97.0,39.21568627450981,139128287909
rosa,#fe86a4,254,134,164,345.0,47.24409448818898,99.6078431372549,605793
lipstick,#d5174e,213,23,78,342.6315789473684,89.2018779342723,83.52941176470588,422537995371
pale mauve,#fed0fc,254,208,252,302.60869565217394,18.11023622047244,99.6078431372549,564468170938053
claret,#680018,104,0,24,346.15384615384613,100.0,40.78431372549019,113297588
dandelion,#fedf08,254,223,8,52.4390243902439,96.8503937007874,99.6078431372549,4447578498542
orangered,#fe420f,254,66,15,12.803347280334728,94.09448818897636,99.6078431372549,17112700733604
poop green,#6f7c00,111,124,0,66.29032258064517,100.0,48.62745098039216,579976218350766
ruby,#ca0147,202,1,71,339.1044776119403,99.5049504950495,79.2156862745098,611417
dark,#1b2431,27,36,49,215.45454545454544,44.89795918367348,19.215686274509807,132683
greenish turquoise,#00fbb0,0,251,176,162.07171314741038,100.0,98.4313725490196,292755373543918843958109797
pastel red,#db5856,219,88,86,0.9022556390977412,60.73059360730593,85.88235294117646,564723956271268
piss yellow,#ddd618,221,214,24,57.86802030456853,89.14027149321268,86.66666666666667,18352634471002615
bright cyan,#41fdfe,65,253,254,180.3174603174603,74.40944881889764,99.6078431372549,2895263926707246
dark coral,#cf524e,207,82,78,1.8604651162790693,62.31884057971014,81.17647058823529,142468296722476
algae green,#21c36f,33,195,111,148.88888888888889,83.07692307692308,76.47058823529412,1555849696318638
darkish red,#a90308,169,3,8,358.1927710843373,98.22485207100593,66.27450980392156,4558963476482212
reddy brown,#6e1005,110,16,5,6.285714285714285,95.45454545454544,43.13725490196079,20446683521957614
blush pink,#fe828c,254,130,140,355.1612903225806,48.81889763779528,99.6078431372549,84305139738059
camouflage green,#4b6113,75,97,19,76.92307692307692,80.41237113402062,38.03921568627451,115015060161770164917422
lawn green,#4da409,77,164,9,93.6774193548387,94.51219512195122,64.31372549019608,424118297629870
putty,#beae8a,190,174,138,41.53846153846155,27.368421052631582,74.50980392156863,17486489
vibrant blue,#0339f8,3,57,248,226.77551020408163,98.79032258064515,97.25490196078432,802856843627016869
dark sand,#a88f59,168,143,89,41.01265822784811,47.023809523809526,65.88235294117646,4452134782404
purple/blue,#5d21d0,93,33,208,260.57142857142856,84.13461538461539,81.56862745098039,18773624373719717
saffron,#feb209,254,178,9,41.38775510204081,96.45669291338584,99.6078431372549,20441156078
twilight,#4e518b,78,81,139,237.04918032786887,43.88489208633092,54.50980392156863,712205704468
warm brown,#964e02,150,78,2,30.81081081081081,98.66666666666669,58.82352941176471,810973512941294
bluegrey,#85a3b2,133,163,178,200.0,25.28089887640449,69.80392156862744,82314512569
bubble gum pink,#ff69af,255,105,175,332.0,58.82352941176471,100.0,3138338113103501731275
duck egg blue,#c3fbf4,195,251,244,172.50000000000003,22.31075697211155,98.4313725490196,5372088648569270949
greenish cyan,#2afeb7,42,254,183,159.9056603773585,83.46456692913387,99.6078431372549,8724790023085483054
petrol,#005f6a,0,95,106,186.2264150943396,100.0,41.5686274509804,542788076
royal,#0c1793,12,23,147,235.11111111111111,91.83673469387756,57.647058823529406,19391532
butter,#ffff81,255,255,129,60.0,49.41176470588236,100.0,89804978
dusty orange,#f0833a,240,131,58,24.065934065934066,75.83333333333334,94.11764705882352,168450471149746405
off yellow,#f1f33f,241,243,63,60.66666666666666,74.07407407407408,95.2941176470588,534601866293751
pale olive green,#b1d27b,177,210,123,82.75862068965517,41.42857142857142,82.35294117647058,606093086078603600925870
orangish,#fc824a,252,130,74,18.87640449438202,70.63492063492063,98.82352941176472,534771902056
leaf,#71aa34,113,170,52,88.98305084745763,69.41176470588235,66.66666666666666,398374
light blue grey,#b7c9e2,183,201,226,214.88372093023256,19.026548672566367,88.62745098039215,14507523099007494899897
dried blood,#4b0101,75,1,1,0.0,98.66666666666669,29.411764705882355,5146991032417764
lightish purple,#a552e6,165,82,230,273.64864864864865,64.34782608695652,90.19607843137256,14507522378699963449733
rusty red,#af2f0d,175,47,13,12.592592592592595,92.57142857142856,68.62745098039215,20533863205028
lavender blue,#8b88f8,139,136,248,241.6071428571429,45.16129032258064,97.25490196078432,13896048108718076581
light grass green,#9af764,154,247,100,97.9591836734694,59.51417004048582,96.8627450980392,14855703659202760297485486
light mint green,#a6fbb2,166,251,178,128.47058823529412,33.86454183266932,98.4313725490196,464240739551744982848686
sunflower,#ffc512,255,197,18,45.31645569620253,92.94117647058825,100.0,21627522243762
velvet,#750851,117,8,81,319.8165137614679,93.16239316239316,45.88235294117647,743856308
brick orange,#c14a09,193,74,9,21.195652173913047,95.33678756476684,75.68627450980392,92644160936392933
lightish red,#fe2f4a,254,47,74,352.17391304347825,81.49606299212599,99.6078431372549,442734447592163492
pure blue,#0203e2,2,3,226,239.7321428571429,99.1150442477876,88.62745098039215,18333267210917
twilight blue,#0a437a,10,67,122,209.4642857142857,91.8032786885246,47.84313725490196,23897657880615137957
violet red,#a50055,165,0,85,329.09090909090907,100.0,64.70588235294117,784480261327012
yellowy brown,#ae8b0c,174,139,12,47.03703703703703,93.10344827586206,68.23529411764706,29017131922414452462
carnation,#fd798f,253,121,143,350.0,52.17391304347826,99.2156862745098,3352693450222
muddy yellow,#bfac05,191,172,5,53.87096774193549,97.38219895287958,74.90196078431373,492164286875316727
dark seafoam green,#3eaf76,62,175,118,149.73451327433628,64.57142857142857,68.62745098039215,156645566903298827316958382
deep rose,#c74767,199,71,103,345.0,64.321608040201,78.03921568627452,4575782846053
dusty red,#b9484e,185,72,78,356.8141592920354,61.08108108108108,72.54901960784314,5140700416164
grey/blue,#647d8e,100,125,142,204.2857142857143,29.5774647887324,55.68627450980392,8321296839333
lemon lime,#bffe28,191,254,40,77.66355140186916,84.25196850393701,99.6078431372549,428173307553189
purple/pink,#d725de,215,37,222,297.72972972972974,83.33333333333333,87.05882352941177,18773624374175179
brown yellow,#b29705,178,151,5,50.63583815028902,97.19101123595505,69.80392156862744,92877360802968055
purple brown,#673a3f,103,58,63,353.3333333333333,43.68932038834952,40.3921568627451,600755979925667566
wisteria,#a87dc2,168,125,194,277.3913043478261,35.56701030927835,76.07843137254902,800596347169
banana yellow,#fafe4b,250,254,75,61.34078212290503,70.47244094488188,99.6078431372549,2357685049879835127
lipstick red,#c0022f,192,2,47,345.7894736842105,98.95833333333334,75.29411764705883,443063201035143332
water blue,#0e87cc,14,135,204,201.7894736842105,93.1372549019608,80.0,811033268662949
brown grey,#8d8468,141,132,104,45.40540540540542,26.241134751773053,55.294117647058826,90700547082425
vibrant purple,#ad03de,173,3,222,286.5753424657534,98.64864864864865,87.05882352941177,822125407874544386437
baby green,#8cff9e,140,255,158,129.3913043478261,45.09803921568627,100.0,71564833395886
barf green,#94ac02,148,172,2,68.47058823529412,98.8372093023256,67.45098039215686,72094188115118
eggshell blue,#c4fff7,196,255,247,171.864406779661,23.13725490196078,100.0,6025367885795373733
sandy yellow,#fdee73,253,238,115,53.47826086956521,54.54545454545456,99.2156862745098,686170914573136375
cool green,#33b864,51,184,100,142.10526315789474,72.28260869565216,72.15686274509804,122575086228654
pale,#fff9d0,255,249,208,52.34042553191488,18.43137254901961,100.0,525701
blue/grey,#758da3,117,141,163,208.695652173913,28.22085889570552,63.921568627450974,2634089220281
hot magenta,#f504c9,245,4,201,310.95435684647305,98.3673469387755,96.07843137254902,9557999860497025
greyblue,#77a1b5,119,161,181,199.35483870967744,34.25414364640884,70.98039215686275,260039586469
purpley,#8756e4,135,86,228,260.70422535211264,62.28070175438596,89.41176470588236,17903923385
baby shit green,#889717,136,151,23,67.03125,84.76821192052981,59.21568627450981,2401317747145024541870
brownish pink,#c27e79,194,126,121,4.1095890410959,37.628865979381445,76.07843137254902,2972074817817683403
dark aquamarine,#017371,1,115,113,178.94736842105263,99.1304347826087,45.09803921568628,4780442706463537309125
diarrhea,#9f8303,159,131,3,49.230769230769226,98.11320754716982,62.35294117647059,147155656865
light mustard,#f7d560,247,213,96,46.49006622516557,61.1336032388664,96.8627450980392,14167503038486021700
pale sky blue,#bdf6fe,189,246,254,187.3846153846154,25.590551181102363,99.6078431372549,18496493242336490149
turtle green,#75b84f,117,184,79,98.28571428571428,57.06521739130434,72.15686274509804,744875566053266606
bright olive,#9cbb04,156,187,4,70.16393442622949,97.8609625668449,73.33333333333333,92648445666797253
dark grey blue,#29465b,41,70,91,205.2,54.94505494505494,35.68627450980392,149388841192058335909
greeny brown,#696006,105,96,6,54.54545454545455,94.28571428571428,41.17647058823529,272649705763716846
lemon green,#adf802,173,248,2,78.29268292682926,99.19354838709675,97.25490196078432,13701545836745902
light periwinkle,#c1c6fc,193,198,252,234.9152542372881,23.41269841269842,98.82352941176472,464240739653025447488901
seaweed green,#35ad6b,53,173,107,147.0,69.36416184971098,67.84313725490196,22087593387756164270
sunshine yellow,#fffd37,255,253,55,59.4,78.43137254901961,100.0,23222838832391093891575
ugly purple,#a442a0,164,66,160,302.44897959183675,59.7560975609756,64.31372549019608,23904274553061765
medium pink,#f36196,243,97,150,338.2191780821918,60.08230452674898,95.2941176470588,14817350950331851
puke brown,#947706,148,119,6,47.74647887323943,95.94594594594594,58.03921568627452,586424032771822
very light pink,#fff4f2,255,244,242,9.23076923076932,5.098039215686279,100.0,26179170612883627713995
viridian,#1e9167,30,145,103,158.08695652173913,79.31034482758619,56.86274509803921,766191477806
bile,#b5c306,181,195,6,64.44444444444444,96.92307692307692,76.47058823529412,75141
faded yellow,#feff7f,254,255,127,60.46875,50.19607843137255,100.0,217445087562838519
very pale green,#cffdbc,207,253,188,102.46153846153848,25.69169960474308,99.2156862745098,26179170744993912001710
vibrant green,#0add08,10,221,8,119.43661971830988,96.38009049773756,86.66666666666667,25691418996069962926
bright lime,#87fd05,135,253,5,88.54838709677419,98.02371541501977,99.2156862745098,2895263926986149
spearmint,#1ef876,30,248,118,144.22018348623854,87.90322580645162,97.25490196078432,21445898315220
light aquamarine,#7bfdc7,123,253,199,155.0769230769231,51.38339920948616,99.2156862745098,464240739138548151166405
light sage,#bcecac,188,236,172,105.0,27.11864406779661,92.54901960784314,432357880988901
yellowgreen,#bbf90f,187,249,15,75.8974358974359,93.97590361445783,97.6470588235294,28337042873717934
baby poo,#ab9004,171,144,4,50.2994011976048,97.66081871345028,67.05882352941175,69887541743
dark seafoam,#1fb57a,31,181,122,156.39999999999998,82.87292817679558,70.98039215686275,145887552670481453
deep teal,#00555a,0,85,90,183.3333333333333,100.0,35.294117647058826,4575782900780
heather,#a484ac,164,132,172,288.0,23.25581395348837,67.45098039215686,8759419058
rust orange,#c45508,196,85,8,24.574468085106385,95.91836734693877,76.86274509803923,21026680787220709
dirty blue,#3f829d,63,130,157,197.2340425531915,59.87261146496815,61.5686274509804,151273913528997
fern green,#548d44,84,141,68,106.84931506849315,51.77304964539008,55.294117647058826,217238312916142
bright lilac,#c95efb,201,94,251,280.89171974522293,62.54980079681275,98.4313725490196,92648445663555619
weird green,#3ae57f,58,229,127,144.21052631578948,74.67248908296943,89.80392156862746,26082139107300526
peacock blue,#016795,1,103,149,198.64864864864865,99.32885906040268,58.43137254901961,582129253762544293
avocado green,#87a922,135,169,34,75.1111111111111,79.88165680473374,66.27450980392156,1962550344814236846
faded orange,#f0944d,240,148,77,26.134969325153385,67.91666666666666,94.11764705882352,217445087240567013
grape purple,#5d1451,93,20,81,309.86301369863014,78.49462365591397,36.47058823529412,272520758584492421
hot green,#25ff29,37,255,41,121.10091743119266,85.49019607843137,100.0,9333978502318
lime yellow,#d0fe1d,208,254,29,72.26666666666667,88.58267716535433,99.6078431372549,13841956737528311
mango,#ffa62b,255,166,43,34.81132075471698,83.13725490196077,100.0,13678831
shamrock,#01b44c,1,180,76,145.13966480446928,99.44444444444444,70.58823529411765,661472754795
bubblegum,#ff6cb5,255,108,181,330.2040816326531,57.647058823529406,100.0,2922805108397
purplish brown,#6b4247,107,66,71,352.6829268292683,38.31775700934579,41.96078431372549,615174127470804287214
vomit yellow,#c7c10c,199,193,12,58.07486631016042,93.96984924623116,78.03921568627452,809990045713183223
pale cyan,#b7fffa,183,255,250,175.83333333333331,28.23529411764705,100.0,17639630038062
key lime,#aeff6e,174,255,110,93.51724137931036,56.86274509803921,100.0,384196552101
tomato red,#ec2d01,236,45,1,11.23404255319149,99.57627118644068,92.54901960784314,720628554352804
lightgreen,#76ff7b,118,255,123,122.1897810218978,53.72549019607843,100.0,432357856842926
merlot,#730039,115,0,57,330.2608695652174,100.0,45.09803921568628,442053108
night blue,#040348,4,3,72,240.8695652173913,95.83333333333331,28.23529411764705,502726624621221
purpleish pink,#df4ec8,223,78,200,309.51724137931035,65.02242152466367,87.45098039215686,615174122740262643147
apple,#6ecb3c,110,203,60,99.02097902097904,70.44334975369459,79.6078431372549,1589637
baby poop green,#8f9805,143,152,5,63.67346938775509,96.71052631578948,59.6078431372549,2401317649490353132718
green apple,#5edc1f,94,220,31,100.0,85.9090909090909,86.27450980392157,8520303442936197
heliotrope,#d94ff5,217,79,245,289.8795180722892,67.75510204081633,96.07843137254902,287395040280069
yellow/green,#c8fd3d,200,253,61,76.5625,75.8893280632411,99.2156862745098,906785372753171630
almost black,#070d0d,7,13,13,180.0,46.15384615384615,5.098039215686274,50014160731636843
cool blue,#4984b8,73,132,184,208.1081081081081,60.32608695652174,72.15686274509804,3830471275173
leafy green,#51b73b,81,183,59,109.35483870967742,67.75956284153006,71.76470588235294,13688054270727342
mustard brown,#ac7e04,172,126,4,43.57142857142857,97.67441860465117,67.45098039215686,15766681806250262254
dusk,#4e5481,78,84,129,232.94117647058823,39.53488372093023,50.588235294117645,153195
dull brown,#876e4b,135,110,75,35.0,44.44444444444444,52.94117647058824,164253443636974
frog green,#58bc08,88,188,8,93.33333333333331,95.74468085106383,73.72549019607844,231421368669358
vivid green,#2fef10,47,239,16,111.65919282511211,93.30543933054392,93.72549019607844,25110961102329006
bright light green,#2dfe54,45,254,84,131.19617224880383,82.28346456692913,99.6078431372549,99480511037545862898717870
fluro green,#0aff02,10,255,2,118.10276679841895,99.2156862745098,100.0,7201337246291118
kiwi,#9cef43,156,239,67,88.95348837209302,71.96652719665273,93.72549019607844,370409
seaweed,#18d17b,24,209,123,152.1081081081081,88.51674641148325,81.96078431372548,20570674340
navy green,#35530a,53,83,10,84.65753424657534,87.95180722891565,32.549019607843135,494464493229230
ultramarine blue,#1805db,24,5,219,245.3271028037384,97.71689497716896,85.88235294117646,808283341641536495497893
iris,#6258c4,98,88,196,245.5555555555556,55.102040816326536,76.86274509803923,313651
pastel orange,#ff964f,255,150,79,24.204545454545457,69.01960784313725,100.0,18504874599009794277
yellowish orange,#ffab0f,255,171,15,38.99999999999999,94.11764705882352,100.0,950833378258851234625765
perrywinkle,#8f8ce7,143,140,231,241.978021978022,39.39393939393938,90.58823529411764,18210757679721861
tealish,#24bca8,36,188,168,172.10526315789474,80.85106382978724,73.72549019607844,21644060264
dark plum,#3f012c,63,1,44,318.38709677419354,98.41269841269842,24.705882352941178,4452134695597
pear,#cbf85f,203,248,95,77.64705882352942,61.693548387096776,97.25490196078432,529458
pinkish orange,#ff724c,255,114,76,12.737430167597768,70.19607843137254,100.0,601189229815090165989
midnight purple,#280137,40,1,55,283.3333333333333,98.1818181818182,21.5686274509804,15684858940735637504389
light urple,#b36ff6,179,111,246,270.2222222222222,54.87804878048781,96.47058823529412,13835452194308485
dark mint,#48c072,72,192,114,141.0,62.5,75.29411764705883,4452134594004
greenish tan,#bccb7a,188,203,122,71.1111111111111,39.90147783251231,79.6078431372549,272649688221437998
light burgundy,#a8415b,168,65,91,344.8543689320388,61.30952380952381,65.88235294117646,453360096853549037721
turquoise blue,#06b1c4,6,177,196,186.0,96.93877551020408,76.86274509803923,762749528884209857189
ugly pink,#cd7584,205,117,132,349.77272727272725,42.926829268292686,80.3921568627451,23344018105803
sandy,#f1da7a,241,218,122,48.40336134453781,49.377593360995846,94.50980392156862,19970201
electric pink,#ff0490,255,4,144,326.53386454183266,98.4313725490196,100.0,6202710758416459211
muted purple,#805b87,128,91,135,290.45454545454544,32.59259259259259,52.94117647058824,492727614500848005
mid green,#50a747,80,167,71,114.375,57.48502994011976,65.49019607843137,14608198341806
greyish,#a8a495,168,164,149,47.36842105263162,11.309523809523805,65.88235294117646,8126244456
neon yellow,#cfff04,207,255,4,71.47410358565736,98.4313725490196,100.0,15955527323759095
banana,#ffff7e,255,255,126,60.0,50.588235294117645,100.0,68617665
carnation pink,#ff7fa7,255,127,167,341.25,50.19607843137255,100.0,112497724392351475147
tomato,#ef4026,239,64,38,7.761194029850746,84.10041841004184,93.72549019607844,687244943
sea,#3c9992,60,153,146,175.48387096774195,60.78431372549019,60.0,19617
muddy brown,#886806,136,104,6,45.230769230769226,95.58823529411764,53.333333333333336,15380133941165806
turquoise green,#04f489,4,244,137,153.25,98.36065573770492,95.68627450980392,24407984924294720853166
buff,#fef69e,254,246,158,55.0,37.79527559055118,99.6078431372549,87238
fawn,#cfaf7b,207,175,123,37.142857142857146,40.57971014492753,81.17647058823529,198382
muted blue,#3b719f,59,113,159,207.6,62.893081761006286,62.35294117647059,481179310568101
pale rose,#fdc1c5,253,193,197,355.99999999999994,23.71541501976285,99.2156862745098,17639630519909
dark mint green,#20c073,32,192,115,151.125,83.33333333333334,75.29411764705883,4780443119660368991406
amethyst,#9b5fc0,155,95,192,277.11340206185565,50.520833333333336,75.29411764705883,48507414132
blue/green,#0f9b8e,15,155,142,174.42857142857144,90.32258064516128,60.78431372549019,84290855048366
chestnut,#742802,116,40,2,20.000000000000004,98.27586206896552,45.490196078431374,111857515188
sick green,#9db92c,157,185,44,71.91489361702126,76.21621621621622,72.54901960784314,678514579281070
pea,#a4bf20,164,191,32,70.18867924528301,83.24607329842932,74.90196078431373,16545
rusty orange,#cd5909,205,89,9,24.489795918367346,95.609756097561,80.3921568627451,672853629415241957
stone,#ada587,173,165,135,47.36842105263158,21.965317919075147,67.84313725490196,20594117
rose red,#be013c,190,1,60,341.26984126984127,99.47368421052632,74.50980392156863,635225196708
pale aqua,#b8ffeb,184,255,235,163.09859154929578,27.84313725490196,100.0,17639629964961
deep orange,#dc4d01,220,77,1,20.821917808219176,99.54545454545456,86.27450980392157,4685601536260325
earth,#a2653e,162,101,62,23.4,61.72839506172839,63.52941176470588,5294728
mossy green,#638b27,99,139,39,84.0,71.94244604316546,54.50980392156863,15186035784357038
grassy green,#419c03,65,156,3,95.68627450980392,98.07692307692308,61.1764705882353,272524533242074286
pale lime green,#b1ff65,177,255,101,90.3896103896104,60.392156862745104,100.0,18940408831224711812270
light grey blue,#9dbcd4,157,188,212,206.1818181818182,25.943396226415093,83.13725490196079,14507523104694702518949
pale grey,#fdfdfe,253,253,254,240.0,0.3937007874015734,99.6078431372549,17639630162105
asparagus,#77ab56,119,171,86,96.70588235294116,49.70760233918128,67.05882352941175,1769578995379
blueberry,#464196,70,65,150,243.52941176470583,56.66666666666668,58.82352941176471,2634058746457
purple red,#990147,153,1,71,332.3684210526316,99.34640522875816,60.0,586675761662116
pale lime,#befd73,190,253,115,87.3913043478261,54.54545454545456,99.2156862745098,17639630316965
greenish teal,#32bf84,50,191,132,154.8936170212766,73.82198952879581,74.90196078431373,8724790023086019628
caramel,#af6f09,175,111,9,36.86746987951807,94.85714285714286,68.62745098039215,3273700524
deep magenta,#a0025c,160,2,92,325.8227848101266,98.75,62.74509803921568,149939246448425601
light peach,#ffd8b1,255,216,177,30.0,30.58823529411765,100.0,13835452188623976
milk chocolate,#7f4e1e,127,78,30,29.69072164948454,76.37795275590551,49.80392156862745,490437429041911170693
ocher,#bf9b0c,191,155,12,47.93296089385476,93.717277486911,74.90196078431373,15835314
off green,#6ba353,107,163,83,102.0,49.07975460122699,63.921568627450974,16706289865902
purply pink,#f075e6,240,117,230,304.8780487804878,51.25000000000001,94.11764705882352,18773625044215243
lightblue,#7bc8f6,123,200,246,202.4390243902439,50.0,96.47058823529412,13511182856869
dusky blue,#475f94,71,95,148,221.2987012987013,52.02702702702703,58.03921568627452,164492749124261
golden,#f5bf03,245,191,3,46.61157024793389,98.77551020408164,96.07843137254902,251007150
light beige,#fffeb6,255,254,182,59.17808219178082,28.627450980392155,100.0,13835452173952229
butter yellow,#fffd74,255,253,116,59.13669064748202,54.50980392156863,100.0,3085675581280760311
dusky purple,#895b7b,137,91,123,318.2608695652174,33.57664233576642,53.72549019607843,168440575582355845
french blue,#436bad,67,107,173,217.3584905660377,61.27167630057804,67.84313725490196,7394700254327461
ugly yellow,#d0c101,208,193,1,55.65217391304348,99.51923076923076,81.56862745098039,23904274838073847
greeny yellow,#c6f808,198,248,8,72.5,96.7741935483871,97.25490196078432,8724790585196950007
orangish red,#f43605,244,54,5,12.301255230125522,97.95081967213116,95.68627450980392,560748981971273892
shamrock green,#02c14d,2,193,77,143.56020942408378,98.9637305699482,75.68627450980392,710250962260902614190
orangish brown,#b25f03,178,95,3,31.54285714285714,98.31460674157304,69.80392156862744,574206957538568126190
tree green,#2a7e19,42,126,25,109.9009900990099,80.15873015873017,49.41176470588236,723656833045678
deep violet,#490648,73,6,72,300.8955223880597,91.7808219178082,28.627450980392155,4685601762160820
gunmetal,#536267,83,98,103,195.0,19.41747572815534,40.3921568627451,263550324780
blue/purple,#5a06ef,90,6,239,261.6309012875537,97.48953974895396,93.72549019607844,2697307667120517
cherry,#cf0234,207,2,52,345.3658536585366,99.03381642512078,81.17647058823529,109234777
sandy brown,#c4a661,196,166,97,41.81818181818181,50.51020408163266,76.86274509803923,21442841056722670
warm grey,#978a84,151,138,132,18.947368421052573,12.582781456953636,59.21568627450981,25342922442937
dark indigo,#1f0954,31,9,84,257.6,89.28571428571429,32.94117647058823,4558985694946543
midnight,#03012d,3,1,45,242.72727272727275,97.77777777777776,17.647058823529413,456489475348
bluey green,#2bb179,43,177,121,154.92537313432837,75.70621468926552,69.41176470588235,2697301679740078
grey pink,#c3909b,195,144,155,347.05882352941177,26.15384615384615,76.47058823529412,8321296246219
soft purple,#a66fb5,166,111,181,287.1428571428571,38.67403314917127,70.98039215686275,21927180847628677
blood,#770001,119,0,1,359.4957983193277,100.0,46.66666666666666,2506212
brown red,#922b05,146,43,5,16.170212765957455,96.57534246575342,57.25490196078431,2834392107172
medium grey,#7d7f7c,125,127,124,100.0000000000001,2.362204724409452,49.80392156862745,14817350950045881
berry,#990f4b,153,15,75,333.9130434782609,90.19607843137256,60.0,2280025
poo,#8f7303,143,115,3,47.99999999999999,97.9020979020979,56.07843137254902,16879
purpley pink,#c83cb9,200,60,185,306.42857142857144,70.0,78.43137254901961,600755979787183563
light salmon,#fea993,254,169,147,12.336448598130843,42.12598425196851,99.6078431372549,442734470132807150
snot,#acbb0d,172,187,13,65.17241379310344,93.048128342246,73.33333333333333,637428
easter purple,#c071fe,192,113,254,273.6170212765957,55.51181102362205,99.6078431372549,5822738254530167173
light yellow green,#ccfd7f,204,253,127,83.33333333333333,49.80237154150198,99.2156862745098,475382517728749164389012654
dark navy blue,#00022e,0,2,46,237.3913043478261,100.0,18.03921568627451,149388848322777789093
drab,#828344,130,131,68,60.95238095238095,48.09160305343511,51.37254901960784,149538
light rose,#ffc5cb,255,197,203,353.7931034482759,22.745098039215684,100.0,432357880970853
rouge,#ab1239,171,18,57,344.7058823529412,89.47368421052632,67.05882352941175,19387621
purplish red,#b0054b,176,5,75,335.43859649122805,97.1590909090909,69.01960784313725,600755983858223268
slime green,#99cc04,153,204,4,75.30000000000003,98.03921568627452,80.0,21824659359601838
baby poop,#937c00,147,124,0,50.61224489795919,100.0,57.647058823529406,2236401335792
irish green,#019529,1,149,41,136.2162162162162,99.32885906040268,58.43137254901961,10776975903364270
pink/purple,#ef1de7,239,29,231,302.2857142857143,87.86610878661088,93.72549019607844,18346862823686533
dark navy,#000435,0,4,53,235.4716981132076,100.0,20.7843137254902,4452134618841
greeny blue,#42b395,66,179,149,164.070796460177,63.12849162011173,70.19607843137254,8520303305110181
light plum,#9d5783,157,87,131,322.28571428571433,44.5859872611465,61.5686274509804,432357880902317
pinkish grey,#c8aca9,200,172,169,5.80645161290326,15.500000000000004,78.43137254901961,587098857241036985
dirty orange,#c87606,200,118,6,34.639175257731964,97.0,78.43137254901961,154904487895546085
rust red,#aa2704,170,39,4,12.650602409638555,97.6470588235294,66.66666666666666,641683376292
pale lilac,#e4cbff,228,203,255,268.84615384615387,20.392156862745104,100.0,564468170141731
orangey red,#fa4224,250,66,36,8.411214953271031,85.6,98.0392156862745,17523405559384228
primary blue,#0804f9,8,4,249,240.9795918367347,98.39357429718876,97.6470588235294,597057958184039077
kermit green,#5cb200,92,178,0,88.98876404494382,100.0,69.80392156862744,402594210818626734
brownish purple,#76424e,118,66,78,346.15384615384613,44.06779661016949,46.27450980392157,3043404613445320524165
murky green,#6c7a0e,108,122,14,67.77777777777779,88.52459016393443,47.84313725490196,15395767627355310
wheat,#fbdd7e,251,221,126,45.60000000000001,49.800796812749,98.4313725490196,24384564
very dark purple,#2a0134,42,1,52,288.2352941176471,98.07692307692308,20.392156862745097,837733450335809835712901
bottle green,#044a05,4,74,5,120.85714285714286,94.5945945945946,29.01960784313726,89672189015037102
watermelon,#fd4659,253,70,89,353.7704918032787,72.33201581027667,99.2156862745098,811033250935278
deep sky blue,#0d75f8,13,117,248,213.44680851063828,94.75806451612902,97.25490196078432,4798056103875261093
fire engine red,#fe0002,254,0,2,359.5275590551181,100.0,99.6078431372549,7436557817262144178340
yellow ochre,#cb9d06,203,157,6,45.98984771573605,97.04433497536944,79.6078431372549,906785372727517765
pumpkin orange,#fb7d07,251,125,7,29.01639344262295,97.21115537848604,98.4313725490196,614993948152673908965
pale olive,#b9cc81,185,204,129,75.2,36.76470588235295,80.0,564468173383365
light lilac,#edc8ff,237,200,255,280.3636363636364,21.5686274509804,100.0,13835452184571939
lightish green,#61e160,97,225,96,119.53488372093022,57.333333333333336,88.23529411764706,453360074334364308654
carolina blue,#8ab8fe,138,184,254,216.20689655172413,45.66929133858268,99.6078431372549,3515600793218658981
mulberry,#920a4e,146,10,78,330.0,93.15068493150686,57.25490196078431,469630110297
shocking pink,#fe02a2,254,2,162,321.9047619047619,99.21259842519686,99.6078431372549,22210745434565518795
auburn,#9a3001,154,48,1,18.43137254901961,99.35064935064936,60.3921568627451,55662158
bright lime green,#65fe08,101,254,8,97.31707317073172,96.8503937007874,99.6078431372549,3108765969923511464563886
celadon,#befdb7,190,253,183,114.0,27.66798418972332,99.2156862745098,3401617902
pinkish brown,#b17261,177,114,97,12.750000000000009,45.19774011299435,69.41176470588235,18787163431707950830
poo brown,#885f01,136,95,1,41.77777777777778,99.26470588235294,53.333333333333336,18124697583342
bright sky blue,#02ccfe,2,204,254,191.90476190476195,99.21259842519686,99.6078431372549,3035904267746522772133
celery,#c1fd95,193,253,149,94.61538461538464,41.10671936758893,99.2156862745098,106305113
dirt brown,#836539,131,101,57,35.67567567567567,56.48854961832061,51.37254901960784,151274052468462
strawberry,#fb2943,251,41,67,352.5714285714286,83.66533864541833,98.4313725490196,691113625307737
dark lime,#84b701,132,183,1,76.8131868131868,99.4535519125683,71.76470588235294,4452134561189
copper,#b66325,182,99,37,25.655172413793103,79.67032967032966,71.37254901960785,116932786
medium brown,#7f5112,127,81,18,34.6788990825688,85.8267716535433,49.80392156862745,474155230396235502
muted green,#5fa052,95,160,82,110.0,48.74999999999999,62.74509803921568,15397737943602350
robin's egg,#6dedfd,109,237,253,186.66666666666663,56.91699604743082,99.2156862745098,20796487218697447
bright aqua,#0bf9ea,11,249,234,176.218487394958,95.58232931726909,97.6470588235294,2895263926634145
bright lavender,#c760ff,199,96,255,278.8679245283019,62.35294117647059,100.0,3035904267495140692146
ivory,#ffffcb,255,255,203,60.0,20.392156862745104,100.0,10174041
very light purple,#f6cefc,246,206,252,292.17391304347825,18.253968253968257,98.82352941176472,26807470707592834791850373
light navy,#155084,21,80,132,208.10810810810813,84.0909090909091,51.76470588235295,432357880825561
pink red,#f5054f,245,5,79,341.5,97.95918367346938,96.07843137254902,559901788324
olive brown,#645403,100,84,3,50.103092783505154,97.0,39.21568627450981,17321368964644590
poop brown,#7a5901,122,89,1,43.63636363636363,99.18032786885246,47.84313725490196,579976213118702
mustard green,#a8b504,168,181,4,64.40677966101696,97.79005524861878,70.98039215686275,15766681806255494318
ocean green,#3d9973,61,153,115,155.2173913043478,60.130718954248366,60.0,16999599683736750
very dark blue,#000133,0,1,51,238.8235294117647,100.0,20.0,818099072593563824805
dusty green,#76a973,118,169,115,116.66666666666669,31.95266272189349,66.27450980392156,5264077215044782
light navy blue,#2e5a88,46,90,136,210.66666666666663,66.17647058823529,53.333333333333336,14507523111825421972133
minty green,#0bf77d,11,247,125,148.98305084745763,95.54655870445345,96.8627450980392,14969466353423534
adobe,#bd6c48,189,108,72,18.46153846153846,61.90476190476191,74.11764705882354,1195077
barney,#ac1db8,172,29,184,295.35483870967744,84.23913043478261,72.15686274509804,68761785
jade green,#2baf6a,43,175,106,148.63636363636363,75.42857142857142,68.62745098039215,353087054746798
bright light blue,#26f7fd,38,247,253,181.6744186046512,84.98023715415019,99.2156862745098,3108765969923308215415461
light lime,#aefd6c,174,253,108,92.6896551724138,57.31225296442687,99.2156862745098,432357880767909
dark khaki,#9b8f55,155,143,85,49.71428571428572,45.16129032258064,60.78431372549019,142468304864617
orange yellow,#ffad01,255,173,1,40.62992125984252,99.6078431372549,100.0,17943967297996993015
ocre,#c69c04,198,156,4,47.010309278350526,97.97979797979798,77.64705882352942,495173
maize,#f4d054,244,208,84,46.5,65.57377049180327,95.68627450980392,13674309
faded pink,#de9dac,222,157,172,346.15384615384613,29.27927927927928,87.05882352941177,212348718032331
british racing green,#05480d,5,72,13,127.1641791044776,93.05555555555556,28.23529411764705,101883795145855359074902283438
sandstone,#c9ae74,201,174,116,40.941176470588246,42.288557213930346,78.82352941176471,20940267863493
mud brown,#60460f,96,70,15,40.74074074074075,84.375,37.64705882352941,15020509970158
light sea green,#98f6b0,152,246,176,135.31914893617022,38.21138211382114,96.47058823529412,14507523117438014657710
robin egg blue,#8af1fe,138,241,254,186.7241379310345,45.66929133858268,99.6078431372549,681459325661985452709
aqua marine,#2ee8bb,46,232,187,165.48387096774192,80.17241379310344,90.98039215686276,1747190986384837
dark sea green,#11875d,17,135,93,158.64406779661016,87.4074074074074,52.94117647058824,149388853935370474670
soft pink,#fdb0c0,253,176,192,347.53246753246754,30.434782608695656,99.2156862745098,21413262534091
orangey brown,#b16002,177,96,2,32.22857142857143,98.87005649717514,69.41176470588235,17943967292793110254
cherry red,#f7022a,247,2,42,350.2040816326531,99.19028340080972,96.8627450980392,114540966529188
burnt yellow,#d5ab09,213,171,9,47.647058823529406,95.77464788732397,83.52941176470588,96350924193542647
brownish grey,#86775f,134,119,95,36.92307692307692,29.1044776119403,52.54901960784314,2972074817817397433
camel,#c69f59,198,159,89,38.53211009174312,55.05050505050505,77.64705882352942,3191980
purplish grey,#7a687f,122,104,127,286.95652173913044,18.11023622047244,49.80392156862745,19224191483462797497
marine,#042e60,4,46,96,212.608695652174,95.83333333333334,37.64705882352941,437855685
greyish pink,#c88d94,200,141,148,352.8813559322034,29.5,78.43137254901961,272671517046220235
pale turquoise,#a5fbd5,165,251,213,153.48837209302326,34.262948207171306,98.4313725490196,591887785189944305253
pastel yellow,#fffe71,255,254,113,59.57746478873239,55.68627450980392,100.0,18504874599332065783
bluey purple,#6241c7,98,65,199,254.77611940298507,67.33668341708542,78.03921568627452,86313654057255301
canary yellow,#fffe40,255,254,64,59.68586387434555,74.90196078431373,100.0,3510611777166914039
faded red,#d3494e,211,73,78,357.8260869565217,65.40284360189574,82.74509803921568,6635897440420
sepia,#985e2b,152,94,43,28.073394495412845,71.71052631578947,59.6078431372549,20103457
coffee,#a6814c,166,129,76,35.33333333333333,54.21686746987952,65.09803921568627,116594853
bright magenta,#ff08e8,255,8,232,305.587044534413,96.8627450980392,100.0,94872008360281160321
mocha,#9d7651,157,118,81,29.21052631578948,48.40764331210192,61.5686274509804,14126337
ecru,#feffca,254,255,202,61.1320754716981,20.7843137254902,100.0,167509
purpleish,#98568d,152,86,141,309.99999999999994,43.42105263157895,59.6078431372549,18333617530472
cranberry,#9e003a,158,0,58,337.9746835443038,100.0,61.96078431372549,3918555957849
darkish green,#287c37,40,124,55,130.71428571428572,67.74193548387096,48.62745098039216,4668378599906677934
brown orange,#b96902,185,105,2,33.77049180327869,98.91891891891892,72.54901960784314,92877360480696549
dusky rose,#ba6873,186,104,115,351.9512195121952,44.08602150537634,72.94117647058823,164492749651557
melon,#ff7855,255,120,85,12.352941176470589,66.66666666666667,100.0,13808110
sickly green,#94b21c,148,178,28,71.99999999999999,84.26966292134831,69.80392156862744,694798330441045166
silver,#c5c9c7,197,201,199,150.0,1.990049751243774,78.82352941176471,647387314
purply blue,#661aee,102,26,238,261.5094339622641,89.07563025210085,93.33333333333331,18773625043759781
purpleish blue,#6140ef,97,64,239,251.3142857142857,73.22175732217573,93.72549019607844,615174122740262187685
hospital green,#9be5aa,155,229,170,132.16216216216216,32.31441048034935,89.80392156862746,313144627988165891246
shit brown,#7b5804,123,88,4,42.35294117647059,96.7479674796748,48.23529411764706,677630884527854
mid blue,#276ab3,39,106,179,211.28571428571428,78.2122905027933,70.19607843137254,456506028709
amber,#feb308,254,179,8,41.70731707317073,96.8503937007874,99.6078431372549,1476786
easter green,#8cfd7e,140,253,126,113.38582677165354,50.19762845849802,99.2156862745098,181960570444518574
soft blue,#6488ea,100,136,234,223.88059701492537,57.26495726495726,91.76470588235294,21413262078629
cerulean blue,#056eee,5,110,238,212.96137339055795,97.89915966386556,93.33333333333331,3659926936565658277
golden brown,#b27a01,178,122,1,41.01694915254237,99.438202247191,69.80392156862744,269516876087377646
bright turquoise,#0ffef9,15,254,249,178.74476987447702,94.09448818897636,99.6078431372549,97148936569323905328741
red pink,#fa2a55,250,42,85,347.59615384615387,83.2,98.0392156862745,624010208715
red purple,#820747,130,7,71,328.780487804878,94.6153846153846,50.98039215686274,638986466443653
greyish brown,#7a6a4f,122,106,79,37.674418604651166,35.24590163934426,47.84313725490196,8725488545464663790
vermillion,#f4320c,244,50,12,9.82758620689655,95.08196721311477,95.68627450980392,780186493003246
russet,#a13905,161,57,5,20.000000000000004,96.8944099378882,63.13725490196078,626642100
steel grey,#6f828a,111,130,138,197.77777777777777,19.56521739130434,54.11764705882353,690670904002745
lighter purple,#a55af4,165,90,244,269.2207792207792,63.114754098360656,95.68627450980392,453360069925125308805
bright violet,#ad0afd,173,10,253,280.2469135802469,96.04743083003952,99.2156862745098,2964750261569433780
prussian blue,#004577,0,69,119,205.21008403361347,100.0,46.66666666666666,19119596022697898661
slate green,#658d6d,101,141,109,131.99999999999997,28.368794326241144,55.294117647058826,21816103784748206
dirty pink,#ca7b80,202,123,128,356.2025316455696,39.1089108910891,79.2156862745098,151273913984459
dark blue green,#005249,0,82,73,173.41463414634146,100.0,32.15686274509804,4780442736155222938798
pine,#2b5d34,43,93,52,130.8,53.76344086021505,36.47058823529412,533957
yellowy green,#bff128,191,241,40,74.92537313432835,83.40248962655602,94.50980392156862,29017131922419684526
dark gold,#b59410,181,148,16,48.0,91.16022099447514,70.98039215686275,4452134403460
bluish,#2976bb,41,118,187,208.35616438356163,78.07486631016043,73.33333333333333,80389736
darkish blue,#014182,1,65,130,210.2325581395349,99.23076923076924,50.98039215686274,145886831246914213
dull red,#bb3f3f,187,63,63,0.0,66.31016042780749,73.33333333333333,160403769508
pinky red,#fc2647,252,38,71,350.7476635514019,84.92063492063492,98.82352941176472,17916852390052
bronze,#a87900,168,121,0,43.21428571428572,100.0,65.88235294117646,86489925
pale teal,#82cbb2,130,203,178,159.45205479452054,35.960591133004925,79.6078431372549,17639630574636
military green,#667c3e,102,124,62,81.29032258064515,50.0,48.62745098039216,490434823554585924782
barbie pink,#fe46a5,254,70,165,329.0217391304348,72.44094488188976,99.6078431372549,2306853977990603
bubblegum pink,#fe83cc,254,131,204,324.390243902439,48.42519685039371,99.6078431372549,98073065258991756747
pea soup green,#94a617,148,166,23,67.55244755244755,86.144578313253,65.09803921568627,596130909411457176750
dark mustard,#a88905,168,137,5,48.58895705521472,97.02380952380952,65.88235294117646,145887546784220740
shit,#7f5f00,127,95,0,44.881889763779526,100.0,49.80392156862745,631092
medium purple,#9e43a2,158,67,162,297.4736842105263,58.64197530864197,63.52941176470588,15172967373152534917
very dark green,#062e03,6,46,3,115.81395348837208,93.47826086956522,18.03921568627451,26179170322994047816878
dirt,#8a6e45,138,110,69,35.65217391304349,50.0,54.11764705882353,140884
dusky pink,#cc7a8b,204,122,139,347.5609756097561,40.19607843137255,80.0,164492749579723
red violet,#9e0168,158,1,104,320.6369426751593,99.36708860759497,61.96078431372549,638986655084724
lemon yellow,#fdff38,253,255,56,60.60301507537688,78.03921568627452,100.0,438449467366453751
pistachio,#c0fa8b,192,250,139,91.35135135135135,44.4,98.0392156862745,17922497028399
dull yellow,#eedc5b,238,220,91,52.65306122448981,61.764705882352935,93.33333333333331,5256110954394103
dark lime green,#7ebd01,126,189,1,80.10638297872342,99.47089947089948,74.11764705882354,4780443084425531036846
denim blue,#3b5b92,59,91,146,217.93103448275863,59.58904109589041,57.25490196078431,146726214251173
teal blue,#01889f,1,136,159,188.73417721518987,99.37106918238992,62.35294117647059,22163539178149
lightish blue,#3d7afd,61,122,253,220.9375,75.8893280632411,99.2156862745098,14167502322948715173
purpley blue,#5f34e7,95,52,231,254.41340782122907,77.48917748917748,90.58823529411764,600755979786728101
light indigo,#6d5acf,109,90,207,249.74358974358967,56.52173913043478,81.17647058823529,442734469810627823
swamp green,#748500,116,133,0,67.66917293233082,100.0,52.156862745098046,22202903170716846
brown green,#706c11,112,108,17,57.47368421052632,84.82142857142857,43.92156862745098,2902417506636974
dark maroon,#3c0008,60,0,8,352.0,100.0,23.52941176470588,4558985815997934
hot purple,#cb00f5,203,0,245,289.7142857142857,100.0,96.07843137254902,298687617646981
dark forest green,#002d04,0,45,4,125.33333333333334,100.0,17.647058823529413,4895173509209919376135342
faded blue,#658cbb,101,140,187,212.7906976744186,45.98930481283423,73.33333333333333,212348717576869
drab green,#749551,116,149,81,89.11764705882354,45.63758389261746,58.43137254901961,160566219445422
light lime green,#b9ff66,185,255,102,87.45098039215688,60.0,100.0,464240739516510144894126
snot green,#9dc100,157,193,0,71.19170984455957,100.0,75.68627450980392,684434117956782
yellowish,#faee66,250,238,102,55.13513513513514,59.2,98.0392156862745,27672893433448
light blue green,#7efbb3,126,251,179,145.44,49.800796812749,98.4313725490196,464240739168239836796078
bordeaux,#7b002c,123,0,44,338.5365853658537,100.0,48.23529411764706,85433943736
light mauve,#c292a1,194,146,161,341.25,24.742268041237114,76.07843137254902,13835452185368261
ocean,#017b92,1,123,146,189.51724137931035,99.31506849315068,57.25490196078431,15832110
marigold,#fcc006,252,192,6,45.36585365853658,97.61904761904762,98.82352941176472,448364002692
muddy green,#657432,101,116,50,73.63636363636364,56.89655172413792,45.490196078431374,15380133946397870
dull orange,#d8863b,216,134,59,28.662420382165607,72.68518518518519,84.70588235294117,5256110632122597
steel,#738595,115,133,149,208.23529411764707,22.81879194630873,58.43137254901961,20583596
electric purple,#aa23ff,170,35,255,276.8181818181818,86.27450980392157,100.0,6351575816618466951557
fluorescent green,#08ff08,8,255,8,120.0,96.8627450980392,100.0,7732268880635258360894638
yellowish brown,#9b7a01,155,122,1,47.142857142857146,99.35483870967742,60.78431372549019,29713543070589087465198
blush,#f29e8e,242,158,142,9.6,41.32231404958677,94.90196078431372,2512488
soft green,#6fc276,111,194,118,125.06024096385543,42.78350515463917,76.07843137254902,685224391939246
bright orange,#ff5b00,255,91,0,21.411764705882355,100.0,100.0,2964750261343533285
lemon,#fdff52,253,255,82,60.69364161849712,67.84313725490196,100.0,12760558
purple grey,#866f85,134,111,133,302.60869565217394,17.164179104477615,52.54901960784314,18773624372840633
acid green,#8ffe09,143,254,9,87.18367346938776,96.45669291338584,99.6078431372549,38797454152878
pale lavender,#eecffe,238,207,254,279.5744680851064,18.50393700787401,99.6078431372549,18496492990954410162
violet blue,#510ac9,81,10,201,262.30366492146595,95.02487562189054,78.82352941176471,25103368361947813
light forest green,#4f9153,79,145,83,123.63636363636364,45.51724137931034,56.86274509803921,475382517055664563965990062
burnt red,#9f2305,159,35,5,11.68831168831169,96.85534591194968,62.35294117647059,2940396849316
khaki green,#728639,114,134,57,75.5844155844156,57.46268656716418,52.54901960784314,12667862098973870
cerise,#de0c62,222,12,98,335.4285714285714,94.59459459459458,87.05882352941177,106505829
faded purple,#916e99,145,110,153,288.8372093023256,28.10457516339869,60.0,217445087277826437
apricot,#ffb16d,255,177,109,27.945205479452056,57.25490196078431,100.0,1629785588
dark olive green,#3c4d03,60,77,3,73.78378378378379,96.1038961038961,30.19607843137255,152974182181029816112302
grey brown,#7f7053,127,112,83,39.54545454545455,34.645669291338585,49.80392156862745,266281465495278
green grey,#77926f,119,146,111,106.28571428571428,23.97260273972602,57.25490196078431,266259482790073
true blue,#010fcc,1,15,204,235.86206896551724,99.50980392156865,80.0,22631455732389
pale violet,#ceaefa,206,174,250,265.2631578947369,30.399999999999995,98.0392156862745,18062981780189364
periwinkle blue,#8f99fb,143,153,251,234.44444444444449,43.02788844621514,98.4313725490196,19095036446613180592805
light sky blue,#c6fcff,198,252,255,183.15789473684208,22.352941176470587,100.0,453360097427185545893
blurple,#5539cc,85,57,204,251.42857142857144,72.05882352941177,80.0,2572763525
green brown,#544e03,84,78,3,55.55555555555557,96.42857142857142,32.94117647058823,8520303444049646
bluegreen,#017a79,1,122,121,179.50413223140495,99.18032786885246,47.84313725490196,2634064401582
bright teal,#01f9c6,1,249,198,167.66129032258064,99.5983935742972,97.6470588235294,2895263927243820
brownish yellow,#c9b003,201,176,3,52.42424242424243,98.50746268656717,78.82352941176471,3043404613445605536247
pea soup,#929901,146,153,1,62.76315789473684,99.34640522875816,60.0,555190173360
forest,#0b5509,11,85,9,118.42105263157896,89.41176470588236,33.33333333333333,217650804
barney purple,#a00498,160,4,152,303.0769230769231,97.5,62.74509803921568,2362636975088419205
ultramarine,#2000b1,32,0,177,250.84745762711864,100.0,69.41176470588235,24088720728204741
purplish,#94568c,148,86,140,307.741935483871,41.891891891891895,58.03921568627452,572925552232
puke yellow,#c2be0e,194,190,14,58.66666666666667,92.78350515463916,76.07843137254902,18765569806709239
bluish grey,#748b97,116,139,151,200.5714285714286,23.17880794701987,59.21568627450981,2697431961815225
dark periwinkle,#665fd1,102,95,209,243.68421052631567,54.54545454545454,81.96078431372548,4780443220940833631621
dark lilac,#9c6da5,156,109,165,290.3571428571429,33.939393939393945,64.70588235294117,142468305956899
reddish,#c44240,196,66,64,0.9090909090909124,67.3469387755102,76.86274509803923,19499460200
light maroon,#a24857,162,72,87,350.0,55.55555555555556,63.52941176470588,442734469931679214
dusty purple,#825f87,130,95,135,292.5,29.629629629629623,52.94117647058824,168450471187005829
terra cotta,#c9643b,201,100,59,17.32394366197183,70.64676616915423,78.82352941176471,22714331765920385
avocado,#90b134,144,177,52,75.84,70.62146892655367,69.41176470588235,1827767439
marine blue,#01386a,1,56,106,208.57142857142856,99.05660377358492,41.5686274509804,14691998839681701
teal green,#25a36f,37,163,111,155.23809523809524,77.3006134969325,63.921568627450974,709233259123886
slate grey,#59656d,89,101,109,204.0,18.34862385321101,42.74509803921568,681753243273401
lighter green,#75fd63,117,253,99,112.987012987013,60.86956521739131,99.2156862745098,14167502185150616750
electric green,#21fc0d,33,252,13,114.97907949790796,94.84126984126983,98.82352941176472,198486744269317543086
dusty blue,#5a86ad,90,134,173,208.19277108433727,47.97687861271676,67.84313725490196,164502412800677
golden yellow,#fec615,254,198,21,45.5793991416309,91.73228346456692,99.6078431372549,8624540035554095607
bright yellow,#fffd01,255,253,1,59.52755905511811,99.6078431372549,100.0,2964750261665804791
light lavender,#dfc5fe,223,197,254,267.3684210526316,22.440944881889763,99.6078431372549,453360097175803465906
umber,#b26400,178,100,0,33.70786516853933,100.0,69.80392156862744,22448306
poop,#7f5e00,127,94,0,44.40944881889764,100.0,49.80392156862745,540144
dark peach,#de7e5d,222,126,93,15.34883720930233,58.108108108108105,87.05882352941177,142468310008936
jungle green,#048243,4,130,67,150.0,96.92307692307692,50.98039215686274,384432564724110510
eggshell,#ffffd4,255,255,212,60.0,16.862745098039213,100.0,179569956236
denim,#3b638c,59,99,140,210.3703703703704,57.85714285714286,54.90196078431373,4372781
yellow brown,#b79400,183,148,0,48.52459016393443,100.0,71.76470588235294,906785372714385134
dull purple,#84597e,132,89,126,308.37209302325584,32.575757575757585,51.76470588235295,5256110669382021
chocolate brown,#411900,65,25,0,23.07692307692308,100.0,25.49019607843137,3854341988795898478318
wine red,#7b0323,123,3,35,344.0,97.5609756097561,48.23529411764706,800413665444
neon blue,#04d9ff,4,217,255,189.0836653386454,98.4313725490196,100.0,15581568905893
dirty green,#667e2c,102,126,44,77.56097560975608,65.07936507936508,49.41176470588236,4840765238351022
light tan,#fbeeac,251,238,172,50.12658227848102,31.47410358565736,98.4313725490196,13511183781934
ice blue,#d7fffe,215,255,254,178.5,15.68627450980392,100.0,312658178725
cadet blue,#4e7496,78,116,150,208.3333333333333,48.0,58.82352941176471,106796138181285
dark mauve,#874c62,135,76,98,337.6271186440678,43.7037037037037,52.94117647058824,142468306753221
very light blue,#d5ffff,213,255,255,180.0,16.470588235294116,100.0,26179170612883627258533
grey purple,#826d8c,130,109,140,280.64516129032256,22.14285714285716,54.90196078431373,8521007368847749
pastel pink,#ffbacd,255,186,205,343.4782608695652,27.058823529411768,100.0,18071166600619467
very light green,#d1ffbd,209,255,189,101.81818181818184,25.882352941176467,100.0,837733459612276077696174
dark sky blue,#448ee4,68,142,228,212.25,70.17543859649122,89.41176470588236,4668401692727915173
evergreen,#05472a,5,71,42,153.63636363636363,92.95774647887325,27.84313725490196,6259453007022
dull pink,#d5869d,213,134,157,342.53164556962025,37.08920187793427,83.52941176470588,5132920563147
aubergine,#3d0734,61,7,52,310.0,88.52459016393443,23.92156862745098,1823400502725
mahogany,#4a0100,74,1,0,0.8108108108108107,100.0,29.01960784313726,448034735577
reddish orange,#f8481c,248,72,28,11.999999999999998,88.70967741935485,97.25490196078432,669996350821963446501
deep green,#02590f,2,89,15,128.9655172413793,97.75280898876404,34.90196078431372,146425039623342
vomit green,#89a203,137,162,3,69.43396226415094,98.14814814814817,63.52941176470588,25312188910081198
purple pink,#e03fd8,224,63,216,302.98136645962734,71.875,87.84313725490196,18773624373126603
dusty pink,#d58a94,213,138,148,352.0,35.211267605633815,83.52941176470588,164502413256139
faded green,#7bb274,123,178,116,113.2258064516129,34.8314606741573,69.80392156862744,6795158967882926
camo green,#526525,82,101,37,77.8125,63.366336633663366,39.6078431372549,107116425188526
pinky purple,#c94cbe,201,76,190,305.28000000000003,62.18905472636816,78.82352941176471,587099419067367813
pink purple,#db4bda,219,75,218,300.4166666666667,65.75342465753425,85.88235294117646,18346861749944709
brownish red,#9e3623,158,54,35,9.268292682926829,77.84810126582279,61.96078431372549,92877338056804516
dark rose,#b5485d,181,72,93,348.4403669724771,60.22099447513812,70.98039215686275,4452134764133
mud,#735c12,115,92,18,45.77319587628865,84.34782608695652,45.09803921568628,13988
brownish,#9c6d57,156,109,87,19.13043478260869,44.23076923076923,61.1764705882353,88574731880
emerald green,#028f1e,2,143,30,131.91489361702128,98.6013986013986,56.07843137254902,6239246219650602158
pale brown,#b1916e,177,145,110,31.343283582089548,37.85310734463276,69.41176470588235,564468159954670
dull blue,#49759c,73,117,156,208.19277108433727,53.20512820512822,61.1764705882353,5132920107685
burnt umber,#a0450e,160,69,14,22.6027397260274,91.25,62.74509803921568,3010966377105586
medium green,#39ad48,57,173,72,127.75862068965516,67.05202312138728,67.84313725490196,474155230401467566
clay,#b66a50,182,106,80,15.294117647058826,56.04395604395605,71.37254901960785,110649
light aqua,#8cffdb,140,255,219,161.2173913043478,45.09803921568627,100.0,432357880415905
light olive green,#a4be5c,164,190,92,75.91836734693878,51.578947368421055,74.50980392156863,14855703668007737459545262
brownish orange,#cb7723,203,119,35,30.000000000000007,82.75862068965516,79.6078431372549,3043404613445283264741
dark aqua,#05696b,5,105,107,181.1764705882353,95.32710280373831,41.96078431372549,4452134209185
purplish pink,#ce5dae,206,93,174,316.9911504424779,54.85436893203883,80.7843137254902,19224191483463083467
dark salmon,#c85a53,200,90,83,3.589743589743592,58.5,78.43137254901961,4558986017125870
greenish grey,#96ae8d,150,174,141,103.63636363636364,18.965517241379303,68.23529411764706,8724790023085607097
jade,#1fa774,31,167,116,157.5,81.437125748503,65.49019607843137,328837
ugly green,#7a9703,122,151,3,71.75675675675676,98.0132450331126,59.21568627450981,747008570234030
dark beige,#ac9362,172,147,98,39.72972972972971,43.02325581395349,67.45098039215686,142468295337189
emerald,#01a049,1,160,73,147.16981132075472,99.375,62.74509803921568,5810750852
pale red,#d9544d,217,84,77,3.0000000000000013,64.51612903225808,85.09803921568627,551238453412
light magenta,#fa5ff7,250,95,247,301.16129032258067,62.0,98.0392156862745,14167503037801872001
sky,#82cafc,130,202,252,204.59016393442624,48.41269841269842,98.82352941176472,19833
light cyan,#acfffc,172,255,252,177.83132530120483,32.549019607843135,100.0,432357880489006
yellow orange,#fcb001,252,176,1,41.83266932270916,99.6031746031746,98.82352941176472,29017131927296063717
reddish purple,#910951,145,9,81,328.2352941176471,93.79310344827586,56.86274509803921,669996350822000705925
reddish pink,#fe2c54,254,44,84,348.57142857142856,82.67716535433071,99.6078431372549,654293311349597643
orchid,#c875c4,200,117,196,302.89156626506025,41.5,78.43137254901961,522297636
dirty yellow,#cdc50a,205,197,10,57.53846153846154,95.1219512195122,80.3921568627451,154904488217817591
orange red,#fd411e,253,65,30,9.417040358744394,88.14229249011858,99.2156862745098,547606423881892
deep red,#9a0200,154,2,0,0.7792207792207793,100.0,60.3921568627451,142993213604
orange brown,#be6400,190,100,0,31.57894736842105,100.0,74.50980392156863,560748978038718190
cobalt blue,#030aa7,3,10,167,237.4390243902439,98.20359281437126,65.49019607843137,3907712272380581
neon pink,#fe019a,254,1,154,323.7154150197629,99.60629921259844,99.6078431372549,15581569361355
rose pink,#f7879a,247,135,154,349.8214285714286,45.34412955465587,96.8627450980392,20327206233547
greyish purple,#887191,136,113,145,283.125,22.06896551724138,56.86274509803921,279215633455342240133
raspberry,#b00149,176,1,73,335.31428571428575,99.4318181818182,69.01960784313725,19846509283929
aqua green,#12e193,18,225,147,157.3913043478261,92.0,88.23529411764706,54599712576686
salmon pink,#fe7b7c,254,123,124,359.5419847328244,51.574803149606296,99.6078431372549,21440940026111435
tangerine,#ff9408,255,148,8,34.008097165991906,96.8627450980392,100.0,22039865402821
brownish green,#6a6e09,106,110,9,62.37623762376238,91.81818181818184,43.13725490196079,95106394170156717230
red brown,#8b2e16,139,46,22,12.307692307692308,84.17266187050359,54.50980392156863,19968312295150
greenish brown,#696112,105,97,18,54.48275862068966,82.85714285714286,41.17647058823529,279193280738734194414
pumpkin,#e17701,225,119,1,31.607142857142858,99.55555555555556,88.23529411764706,17898679598
pine green,#0a481e,10,72,30,139.35483870967744,86.11111111111111,28.23529411764705,573332977685678
charcoal,#343837,52,56,55,165.00000000000006,7.142857142857142,21.96078431372549,111721692204
baby pink,#ffb7ce,255,183,206,340.8333333333333,28.23529411764705,100.0,2236401329611
cornflower,#6a79f7,106,121,247,233.6170212765957,57.085020242914986,96.8627450980392,122679512784050
blue violet,#5d06e9,93,6,233,262.9955947136564,97.42489270386264,91.37254901960785,2697306782019764
chocolate,#3d1c02,61,28,2,26.440677966101696,96.72131147540983,23.92156862745098,3589635704453
greyish green,#82a67d,130,166,125,112.6829268292683,24.698795180722897,65.09803921568627,8725488545469895854
scarlet,#be0119,190,1,25,352.3809523809524,99.47368421052632,74.50980392156863,20503408820
green yellow,#c9ff27,201,255,39,75.0,84.70588235294117,100.0,272649710967599607
dark olive,#373e02,55,62,2,67.0,96.7741935483871,24.31372549019608,142468309198533
sienna,#a9561e,169,86,30,24.172661870503603,82.24852071005917,66.27450980392156,647150017
pastel purple,#caa0ff,202,160,255,266.52631578947364,37.25490196078432,100.0,18504874599047053701
terracotta,#ca6641,202,102,65,16.204379562043798,67.82178217821783,79.2156862745098,709822839771777
aqua blue,#02d8e9,2,216,233,184.4155844155844,99.14163090128756,91.37254901960785,1706240848549
sage green,#88b378,136,179,120,103.72881355932202,32.960893854748605,70.19607843137254,669849482761390
blood red,#980002,152,0,2,359.2105263157895,100.0,59.6078431372549,2627954755748
deep pink,#cb0162,203,1,98,331.1881188118812,99.50738916256158,79.6078431372549,4575782774219
grass,#5cac2d,92,172,45,97.7952755905512,73.83720930232558,67.45098039215686,7931507
moss,#769958,118,153,88,92.30769230769228,42.48366013071895,60.0,441971
pastel blue,#a2bffe,162,191,254,221.08695652173915,36.22047244094488,99.6078431372549,18071166600164005
bluish green,#10a674,16,166,116,160.0,90.36144578313254,65.09803921568627,86317822778086574
green blue,#06b48b,6,180,139,165.86206896551724,96.66666666666669,70.58823529411765,266259482620581
dark tan,#af884a,175,136,74,36.83168316831683,57.71428571428571,68.62745098039215,139129212974
greenish blue,#0b8b87,11,139,135,178.125,92.0863309352518,54.50980392156863,8724790023085437605
pale orange,#ffa756,255,167,86,28.757396449704142,66.27450980392156,100.0,18062981554288869
vomit,#a2a415,162,164,21,60.83916083916085,87.1951219512195,64.31372549019608,23573812
forrest green,#154406,21,68,6,105.48387096774194,91.17647058823528,26.666666666666668,7478866672828880046
dark lavender,#856798,133,103,152,276.734693877551,32.23684210526316,59.6078431372549,4668401441345835186
dark violet,#34013f,52,1,63,289.3548387096774,98.41269841269842,24.705882352941178,4558986126274740
purple blue,#632de9,99,45,233,257.2340425531915,80.68669527896995,91.37254901960785,18773624372671141
dark cyan,#0a888a,10,136,138,180.9375,92.7536231884058,54.11764705882353,4452134282286
olive drab,#6f7632,111,118,50,66.1764705882353,57.62711864406781,46.27450980392157,541292780210210
pinkish,#d46a7e,212,106,126,348.6792452830189,50.0,83.13725490196079,17496909416
cobalt,#1e488f,30,72,143,217.6991150442477,79.02097902097903,56.07843137254902,116458900
neon purple,#bc13fe,188,19,254,283.1489361702128,92.51968503937007,99.6078431372549,15955527038747013
light turquoise,#7ef4cc,126,244,204,159.66101694915255,48.36065573770492,95.68627450980392,14507523119105114089061
apple green,#76cd26,118,205,38,91.25748502994011,81.46341463414633,80.3921568627451,1706860746445998
dull green,#74a662,116,166,98,104.11764705882354,40.963855421686745,65.09803921568627,164253448869038
wine,#80013f,128,1,63,330.70866141732284,99.21875,50.19607843137255,763333
powder blue,#b1d1fc,177,209,252,214.4,29.761904761904766,98.82352941176472,18567596301431461
off white,#ffffe4,255,255,228,60.0,10.588235294117643,100.0,16706306320005
electric blue,#0652ff,6,82,255,221.6867469879517,97.6470588235294,100.0,6202710758416003749
dark turquoise,#045c5a,4,92,90,178.63636363636363,95.65217391304348,36.07843137254902,149388855602469906021
blue purple,#5729ce,87,41,206,256.7272727272727,80.09708737864078,80.7843137254902,2697306593378693
azure,#069af3,6,154,243,202.53164556962025,97.53086419753086,95.2941176470588,1922629
bright red,#ff000d,255,0,13,356.94117647058823,100.0,100.0,90476997724324
pinkish red,#f10c45,241,12,69,345.0655021834061,95.0207468879668,94.50980392156862,18346839288793252
cornflower blue,#5170d7,81,112,215,226.11940298507463,62.32558139534884,84.31372549019608,4116441369505567945381
light olive,#acbf69,172,191,105,73.25581395348837,45.026178010471206,74.90196078431373,13835452187813573
grape,#6c3461,108,52,97,311.7857142857143,51.85185185185185,42.35294117647059,7931397
greyish blue,#5e819d,94,129,157,206.66666666666669,40.12738853503185,61.5686274509804,272671517045764773
purplish blue,#601ef9,96,30,249,258.0821917808219,87.95180722891565,97.6470588235294,19224191483462628005
yellowish green,#b0dd16,176,221,22,73.5678391959799,90.04524886877829,86.66666666666667,29713543070589092697262
greenish yellow,#cdfd02,205,253,2,71.47410358565736,99.2094861660079,99.2156862745098,8934184983640252232183
medium blue,#2c6fbb,44,111,187,211.8881118881119,76.47058823529413,73.33333333333333,14817350949876389
dusty rose,#c0737a,192,115,122,354.54545454545456,40.10416666666666,75.29411764705883,164502413327973
light violet,#d6b4fc,214,180,252,268.3333333333333,28.57142857142857,98.82352941176472,442734470241956020
midnight blue,#020035,2,0,53,242.26415094339623,100.0,20.7843137254902,15317245059311678117
bluish purple,#703be7,112,59,231,258.48837209302326,74.45887445887448,90.58823529411764,2762170329204343173
red orange,#fd3c06,253,60,6,13.117408906882591,97.62845849802372,99.2156862745098,638986429184229
dark magenta,#960056,150,0,86,325.6,100.0,58.82352941176471,145887546100071041
greenish,#40a368,64,163,104,144.24242424242425,60.7361963190184,63.921568627450974,260019005032
ocean blue,#03719c,3,113,156,196.8627450980392,98.07692307692308,61.1764705882353,531237489947301
coral,#fc5a50,252,90,80,3.488372093023258,68.25396825396825,98.82352941176472,3655724
cream,#ffffc2,255,255,194,60.0,23.921568627450984,100.0,3740717
reddish brown,#7f2b0a,127,43,10,16.923076923076923,92.1259842519685,49.80392156862745,20937385963172740846
burnt sienna,#b04e0f,176,78,15,23.47826086956522,91.47727272727272,69.01960784313725,96350923996182977
brick,#a03623,160,54,35,9.119999999999996,78.125,62.74509803921568,2696299
sage,#87ae73,135,174,115,99.66101694915254,33.9080459770115,68.23529411764706,623845
grey green,#789b73,120,155,115,112.5,25.80645161290322,60.78431372549019,266281470727342
white,#ffffff,255,255,255,0.0,0.0,100.0,24389253
robin's egg blue,#98eff9,152,239,249,186.18556701030928,38.95582329317269,97.6470588235294,697814316218652645470885
moss green,#658b38,101,139,56,87.46987951807229,59.71223021582733,54.50980392156863,474563762263214
steel blue,#5a7d9a,90,125,154,207.1875,41.55844155844155,60.3921568627451,690670903833253
eggplant,#380835,56,8,53,303.75,85.71428571428571,21.96078431372549,179566937556
light yellow,#fffe7a,255,254,122,59.548872180451134,52.15686274509803,100.0,442734470338327031
leaf green,#5ca904,92,169,4,88.0,97.63313609467454,66.27450980392156,427751839962286
light grey,#d8dcd6,216,220,214,100.0000000000001,2.72727272727273,86.27450980392157,432357880613049
puke,#a5a502,165,165,2,60.0,98.7878787878788,64.70588235294117,546149
pinkish purple,#d648d7,214,72,215,299.58041958041963,66.51162790697674,84.31372549019608,601189229815127425413
sea blue,#047495,4,116,149,193.6551724137931,97.31543624161073,58.43137254901961,658268828325
pale purple,#b790d4,183,144,212,274.4117647058823,32.07547169811321,83.13725490196079,18062981591548293
slate blue,#5b7c99,91,124,153,208.06451612903223,40.52287581699346,60.0,681753243103909
blue grey,#607c8e,96,124,142,203.4782608695652,32.3943661971831,55.68627450980392,2634088171705
hunter green,#0b4008,11,64,8,116.78571428571428,87.5,25.09803921568628,312389037777818798
fuchsia,#ed0dd9,237,13,217,305.3571428571429,94.51476793248943,92.94117647058825,7150521633
crimson,#8c000f,140,0,15,353.5714285714286,100.0,54.90196078431373,3835088366
pale yellow,#ffff84,255,255,132,60.0,48.23529411764705,100.0,18062981876560375
ochre,#bf9005,191,144,5,44.83870967741935,97.38219895287958,74.90196078431373,15835717
mustard yellow,#d2bd0a,210,189,10,53.70000000000001,95.23809523809524,82.35294117647058,504533817800766403063
light red,#ff474c,255,71,76,358.3695652173913,72.15686274509804,100.0,13511183780004
cerulean,#0485d1,4,133,209,202.2439024390244,98.08612440191388,81.96078431372548,109074322478
pale pink,#ffcfdc,255,207,220,343.74999999999994,18.823529411764707,100.0,17639630448075
deep blue,#040273,4,2,115,241.06194690265485,98.2608695652174,45.09803921568628,4575782318757
rust,#a83c09,168,60,9,19.245283018867926,94.64285714285714,65.88235294117646,611956
light teal,#90e4c1,144,228,193,154.99999999999997,36.8421052631579,89.41176470588236,432357881025580
slate,#516572,81,101,114,203.63636363636363,28.94736842105264,44.70588235294118,20317829
goldenrod,#fac205,250,194,5,46.285714285714285,98.0,98.0392156862745,8225002310116
dark yellow,#d5b60a,213,182,10,50.83743842364532,95.30516431924885,83.52941176470588,4558986222645751
dark grey,#363737,54,55,55,180.0,1.8181818181818243,21.5686274509804,4452134406329
army green,#4b5d16,75,93,22,75.21126760563381,76.34408602150539,36.47058823529412,55450116101294
grey blue,#6b8ba4,107,139,164,206.31578947368425,34.75609756097561,64.31372549019608,8321295790757
seafoam,#80f9ad,128,249,173,142.3140495867769,48.59437751004016,97.6470588235294,20570127405
puce,#a57e52,165,126,82,31.807228915662648,50.30303030303031,64.70588235294117,545893
spring green,#a9f971,169,249,113,95.29411764705884,54.61847389558233,97.6470588235294,703205245739144366
dark orange,#c65102,198,81,2,24.18367346938776,98.989898989899,77.64705882352942,4558985900374245
sand,#e2ca76,226,202,118,46.66666666666666,47.78761061946902,88.62745098039215,624068
pastel green,#b0ff9d,176,255,157,108.36734693877553,38.431372549019606,100.0,578277331210671278
mint,#9ffeb0,159,254,176,130.73684210526318,37.40157480314961,99.6078431372549,435668
light orange,#fdaa48,253,170,72,32.48618784530387,71.54150197628458,99.2156862745098,442734470016055525
bright pink,#fe01b1,254,1,177,318.26086956521743,99.60629921259844,99.6078431372549,2895263927117259
chartreuse,#c1f80a,193,248,10,73.8655462184874,95.96774193548389,97.25490196078432,114403586528869
deep purple,#36013f,54,1,63,291.2903225806451,98.41269841269842,24.705882352941178,4685601573519749
dark brown,#341c02,52,28,2,31.200000000000003,96.15384615384616,20.392156862745097,142468295769838
taupe,#b9a281,185,162,129,35.357142857142854,30.27027027027028,72.54901960784314,21026309
pea green,#8eab12,142,171,18,71.37254901960783,89.47368421052632,67.05882352941175,17766073046190
puke green,#9aae07,154,174,7,67.18562874251498,95.97701149425288,68.23529411764706,586424038003886
kelly green,#02ab2e,2,171,46,135.62130177514794,98.83040935672514,67.05882352941175,12574455150220462
seafoam green,#7af9ab,122,249,171,143.1496062992126,51.00401606425703,97.6470588235294,22087006120771654830
blue green,#137e6d,19,126,109,170.46728971962617,84.92063492063492,49.41176470588236,84290821493934
khaki,#aaa662,170,166,98,56.66666666666668,42.35294117647058,66.66666666666666,11797865
burgundy,#610023,97,0,35,338.3505154639175,100.0,38.03921568627451,91880077465
dark teal,#014d4e,1,77,78,180.7792207792208,98.71794871794872,30.58823529411765,4452134818860
brick red,#8f1402,143,20,2,7.659574468085106,98.6013986013986,56.07843137254902,2827275421860
royal purple,#4b006e,75,0,110,280.9090909090909,100.0,43.13725490196079,666287998846452101
plum,#580f41,88,15,65,318.90410958904107,82.95454545454545,34.509803921568626,537261
mint green,#8fff9f,143,255,159,128.57142857142856,43.92156862745098,100.0,467795967546542
gold,#dbb40c,219,180,12,48.695652173913054,94.5205479452055,85.88235294117646,245124
baby blue,#a2cffe,162,207,254,210.65217391304347,36.22047244094488,99.6078431372549,2236400874149
yellow green,#c0fb2d,192,251,45,77.18446601941748,82.07171314741035,98.4313725490196,906785372719617198
bright purple,#be03fd,190,3,253,284.88,98.81422924901186,99.2156862745098,2964750261380792709
dark red,#840000,132,0,0,0.0,100.0,51.76470588235295,139129211044
pale blue,#d0fefe,208,254,254,180.0,18.11023622047244,99.6078431372549,17639629992613
grass green,#3f9b0b,63,155,11,98.33333333333331,92.90322580645162,60.78431372549019,8516391807816878
navy,#01153e,1,21,62,220.32786885245903,98.38709677419354,24.31372549019608,460505
aquamarine,#04d8b2,4,216,178,169.24528301886792,98.14814814814814,84.70588235294117,54599135864261
burnt orange,#c04e01,192,78,1,24.18848167539268,99.47916666666666,75.29411764705883,96350923871271141
neon green,#0cff0c,12,255,12,120.0,95.2941176470588,100.0,498610210411694
bright blue,#0165fc,1,101,252,216.09561752988049,99.6031746031746,98.82352941176472,2895263926661797
rose,#cf6275,207,98,117,349.5412844036697,52.65700483091788,81.17647058823529,605797
light pink,#ffd1df,255,209,223,341.73913043478257,18.03921568627452,100.0,432357880899019
mustard,#ceb301,206,179,1,52.09756097560975,99.51456310679612,80.7843137254902,14683866692
indigo,#380282,56,2,130,265.3125,98.46153846153848,50.98039215686274,316810479
lime,#aaff32,170,255,50,84.8780487804878,80.3921568627451,100.0,402853
sea green,#53fca1,83,252,161,147.6923076923077,67.06349206349206,98.82352941176472,21064607929518
periwinkle,#8e82fe,142,130,254,245.80645161290323,48.81889763779528,99.6078431372549,569076432186757
dark pink,#cb416b,203,65,107,341.73913043478257,67.98029556650246,79.6078431372549,4452134692299
olive green,#677a04,103,122,4,69.66101694915254,96.72131147540983,47.84313725490196,17321368969876654
peach,#ffb07c,255,176,124,23.816793893129773,51.37254901960784,100.0,16942184
pale green,#c7fdb5,199,253,181,105.0,28.45849802371541,99.2156862745098,564468165186734
light brown,#ad8150,173,129,80,31.612903225806445,53.75722543352601,67.84313725490196,13835452174384878
hot pink,#ff028d,255,2,141,327.0355731225296,99.2156862745098,100.0,291687114187
black,#000000,0,0,0,0.0,0.0,0.0,2491499
lilac,#cea2fd,206,162,253,269.010989010989,35.96837944664032,99.2156862745098,12890147
navy blue,#001146,0,17,70,225.42857142857144,100.0,27.450980392156865,15452015243941
royal blue,#0504aa,5,4,170,240.36144578313247,97.6470588235294,66.66666666666666,650671873405605
beige,#e6daa6,230,218,166,48.74999999999999,27.82608695652174,90.19607843137256,2270437
salmon,#ff796c,255,121,108,5.306122448979592,57.647058823529406,100.0,638989806
olive,#6e750e,110,117,14,64.07766990291262,88.03418803418805,45.88235294117647,16131781
maroon,#650021,101,0,33,340.3960396039604,100.0,39.6078431372549,437861870
bright green,#01ff07,1,255,7,121.41732283464566,99.6078431372549,100.0,92648445658600622
dark purple,#35063e,53,6,62,290.3571428571429,90.32258064516128,24.31372549019608,4558985937633669
mauve,#ae7181,174,113,129,344.2622950819672,35.05747126436782,68.23529411764706,13686469
forest green,#06470c,6,71,12,125.53846153846156,91.54929577464787,27.84313725490196,233700772296594606
aqua,#13eac9,19,234,201,170.7906976744186,91.88034188034187,91.76470588235294,50849
cyan,#00ffff,0,255,255,180.0,100.0,100.0,123950
tan,#d1b26f,209,178,111,41.0204081632653,46.889952153110045,81.96078431372548,20526
dark blue,#00035b,0,3,91,238.02197802197804,100.0,35.68627450980392,4452134236837
lavender,#c79fef,199,159,239,270.0,33.47280334728033,93.72549019607844,414134505650
turquoise,#06c2ac,6,194,172,172.9787234042553,96.90721649484536,76.07843137254902,22731707360869
dark green,#033500,3,53,0,116.60377358490568,100.0,20.7843137254902,142468301001902
violet,#9a0eea,154,14,234,278.1818181818182,94.017094017094,91.76470588235294,748138676
light purple,#bf77f6,191,119,246,274.01574803149606,51.6260162601626,96.47058823529412,442734470053314949
lime green,#89fe05,137,254,5,88.19277108433735,98.03149606299212,99.6078431372549,432561129591982
grey,#929591,146,149,145,105.00000000000011,2.684563758389271,58.43137254901961,247993
sky blue,#75bbfd,117,187,253,209.1176470588236,53.75494071146246,99.2156862745098,665516585637
yellow,#ffff14,255,255,20,60.0,92.15686274509804,100.0,844509687
magenta,#c20078,194,0,120,322.88659793814435,100.0,76.07843137254902,13999716993
light green,#96f97b,150,249,123,107.14285714285714,50.60240963855421,97.6470588235294,13835452179616942
orange,#f97306,249,115,6,26.913580246913583,97.59036144578312,97.6470588235294,522238181
teal,#029386,2,147,134,174.6206896551724,98.63945578231294,57.647058823529406,660524
light blue,#95d0fc,149,208,252,205.63106796116503,40.87301587301587,98.82352941176472,432357880443557
red,#e50000,229,0,0,0.0,100.0,89.80392156862746,18596
brown,#653700,101,55,0,32.67326732673268,100.0,39.6078431372549,2703086
pink,#ff81c0,255,129,192,330.0,49.41176470588236,100.0,533963
blue,#0343df,3,67,223,222.54545454545453,98.65470852017938,87.45098039215686,78501
green,#15b01a,21,176,26,121.93548387096774,88.06818181818181,69.01960784313725,7935150
purple,#7e1e9c,126,30,156,285.7142857142857,80.76923076923077,61.1764705882353,559497605
